genetic_findings_id	condition_inheritance	allele_balance_or_heteroplasmy_percentage	GREGoR_variant_classification	ClinGen_allele_ID	GREGoR_ClinVar_SCV	pos	ref	hgvsp	transcript	linked_variant	zygosity	known_condition_name	condition_id	public_database_other	linked_variant_phase	variant_reference_assembly	additional_family_members_with_variant	variant_type	chrom	alt	public_database_ID_other	gene_known_for_phenotype	participant_id	method_of_discovery	experiment_id	phenotype_contribution	notes	partial_contribution_explained	hgvsc	variant_inheritance	gene
1_92297408-92297412_PMGRC-151-151-0	Autosomal dominant	0	Pathogenic	CA070786	NA	92297407	TTTCTT	p.Glu52_Lys53insTer	ENST00000370360.8	NA	Heterozygous	Glomuvenous malformations	138000	NA	NA	GRCh38	NA	SNV/INDEL	1	T	NA	Known	PMGRC-151-151-0	SR-GS	WGS	Full	NA	NA	c.157_161del	unknown	GLMN
12_112489086_PMGRC-175-175-0	Autosomal dominant	0	Pathogenic	CA220140	NA	112489086	G	p.Met504Val	ENST00000351677.7	NA	Heterozygous	Noonan syndrome	163950	NA	NA	GRCh38	NA	SNV/INDEL	12	A	NA	Known	PMGRC-175-175-0	SR-GS	WGS	Full	NA	NA	c.1510A>G	de novo	PTPN11
8_140560427_PMGRC-538-538-0	Autosomal dominant	0	Likely pathogenic	CA372323744	NA	140560427	C	p.Gly201Val	ENST00000220592.10	NA	Heterozygous	Lessel-Kreienkamp syndrome	619149	NA	NA	GRCh38	NA	SNV/INDEL	8	A	NA	Known	PMGRC-538-538-0	SR-GS	WGS	Full	NA	NA	c.602G>T	nonmaternal	AGO2
1_152313588-152313589_PMGRC-32-32-0	Autosomal recessive	0	Pathogenic	CA1107702	NA	152313587	TCT	p.Asp433fs	ENST00000368799.2	1_152312601-152312604_PMGRC-32-32-0	Heterozygous	Ichthyosis vulgaris	146700	NA	in trans	GRCh38	NA	SNV/INDEL	1	T	NA	Known	PMGRC-32-32-0	SR-GS	WGS	Full	NA	NA	c.1297_1298del	paternal	FLG
1_152312601-152312604_PMGRC-32-32-0	Autosomal recessive	0	Pathogenic	CA126361	NA	152312600	GACTG	p.Ser761fs	ENST00000368799.2	1_152313588-152313589_PMGRC-32-32-0	Heterozygous	Ichthyosis vulgaris	146700	NA	in trans	GRCh38	NA	SNV/INDEL	1	ACTG	NA	Known	PMGRC-32-32-0	SR-GS	WGS	Full	NA	NA	c.2282_2285del	maternal	FLG
15_48474369_PMGRC-1040-1040-0	Autosomal dominant	0	Pathogenic	CA014760	NA	48474369	C	p.Glu1366Lys	ENST00000316623.10	NA	Heterozygous	Marfan syndrome	154700	NA	NA	GRCh38	NA	SNV/INDEL	15	T	NA	Known	PMGRC-1040-1040-0	SR-GS	WGS	Full	NA	NA	c.4096G>A	unknown	FBN1
6_26090951_PMGRC-124-124-0	Autosomal recessive	0	Curation in progress	CA113797	NA	26090951	C	p.His63Asp	ENST00000357618.10	6_26092960_PMGRC-124-124-0	Heterozygous	Hemochromatosis	235200	NA	unknown	GRCh38	NA	SNV/INDEL	6	G	NA	Known	PMGRC-124-124-0	SR-GS	WGS	Full	NA	NA	c.187C>G	unknown	HFE
6_26092960_PMGRC-124-124-0	Autosomal recessive	0	Curation in progress	NA	NA	26092960	G	p.Glu298Lys	ENST00000357618.10	6_26090951_PMGRC-124-124-0	Heterozygous	Hemochromatosis	235200	NA	unknown	GRCh38	NA	SNV/INDEL	6	A	NA	Known	PMGRC-124-124-0	SR-GS	WGS	Full	NA	NA	c.892G>A	unknown	HFE
12_27969491_PMGRC-13-13-0	Autosomal dominant	0	Curation in progress	NA	NA	27969491	G	p.Gln2*	ENST00000545234.6	NA	Heterozygous	Brachydactyly, type E2	613382	NA	NA	GRCh38	NA	SNV/INDEL	12	A	NA	Known	PMGRC-13-13-0	NA	WGS	Full	NA	NA	c.4C>T	unknown	PTHLH
4_83273617_PMGRC-158-158-0	Autosomal recessive	0	Curation in progress	NA	NA	83273617	C	p.Val141Leu	ENST00000647002.2	4_83284626_PMGRC-158-158-0	Heterozygous	Coenzyme Q10 deficiency	607426	NA	in trans	GRCh38	NA	SNV/INDEL	4	G	NA	Known	PMGRC-158-158-0	SR-GS	WGS	Full	NA	NA	c.421G>C	maternal	COQ2
4_83284626_PMGRC-158-158-0	Autosomal recessive	0	Curation in progress	NA	NA	83284626	C	p.Ala47fs	ENST00000647002.2	4_83273617_PMGRC-158-158-0	Heterozygous	Coenzyme Q10 deficiency	607426	NA	in trans	GRCh38	NA	SNV/INDEL	4	CG	NA	Known	PMGRC-158-158-0	SR-GS	WGS	Full	NA	NA	c.138dup	paternal	COQ2
12_51765675_PMGRC-176-176-0	Autosomal dominant	0	Pathogenic	CA163107	NA	51765675	G	p.Arg850Gln	ENST00000627620.5	NA	Heterozygous	Developmental and epileptic encephalopathy 13	614558	NA	NA	GRCh38	NA	SNV/INDEL	12	A	NA	Known	PMGRC-176-176-0	SR-GS	WGS	Full	NA	NA	c.2549G>A	nonmaternal	SCN8A
15_27983383_PMGRC-212-212-0	Autosomal recessive	0	Pathogenic	CA251640	NA	27983383	T	p.Asn489Asp	ENST00000354638.8	NA	Heterozygous	Oculocutaneous albanism	203200	NA	unknown	GRCh38	NA	SNV/INDEL	15	C	NA	Known	PMGRC-212-212-0	SR-GS	WGS	Full	Second hit is SV	NA	c.1465A>G	unknown	OCA2
X_153694124_PMGRC-205-205-0	X-linked	0	Likely pathogenic	NA	NA	153694124	CCA	NA	ENST00000253122.10	NA	Hemizygous	Cerebral creatine deficiency syndrome 1	300352	NA	NA	GRCh38	NA	SNV/INDEL	X	C	NA	Known	PMGRC-205-205-0	SR-GS	WGS	Full	NA	NA	c.1255-3_1255-2delCA	unknown	SLC6A8
1_44636130_PMGRC-265-265-0	Autosomal recessive	0	Curation in progress	NA	NA	44636130	G	p.Arg365Gln	ENST00000361799.7	NA	Homozygous	Leukodystrophy, hypomyelinating, 23, with ataxia, deafness, liver dysfunction, and dilated cardiomyopathy	619688	NA	NA	GRCh38	NA	SNV/INDEL	1	A	NA	Known	PMGRC-265-265-0	SR-GS	WGS	Full	NA	NA	c.1094G>A	biparental	RNF220
12_112472981_PMGRC-316-316-0	Autosomal dominant	0	Pathogenic	CA234739	NA	112472981	G	p.Arg265Gln	ENST00000351677.7	NA	Heterozygous	Noonan syndrome	163950	NA	NA	GRCh38	NA	SNV/INDEL	12	A	NA	Known	PMGRC-316-316-0	SR-GS	WGS	Full	NA	NA	c.794G>A	paternal	PTPN11
13_99983074_PMGRC-440-440-0	Autosomal dominant	0	Likely pathogenic	NA	NA	99983063	CT	p.Pro338fs	ENST00000376335.8	NA	Heterozygous	Holoprosencephaly	609637	NA	NA	GRCh38	NA	SNV/INDEL	13	T	NA	Known	PMGRC-440-440-0	SR-GS	WGS	Full	NA	NA	c.1013del	de novo	ZIC2
13_99985448_PMGRC-451-451-0	Autosomal dominant	0	Pathogenic	CA658658236	NA	99985441	A	p.Ala461_Ala470dup	ENST00000376335.8	NA	Heterozygous	Holoprosencephaly	609637	NA	NA	GRCh38	NA	SNV/INDEL	13	AGCGGCGGCGGCAGCGGCGGCGGCGGCTGCG	NA	Known	PMGRC-451-451-0	SR-GS	WGS	Full	NA	NA	c.1377_1406dup	de novo	ZIC2
11_78493136_PMGRC-88-88-0	Autosomal recessive	0	Curation in progress	CA6205723	NA	78493136	C	p.Arg250Gln	ENST00000281038.10	SV	Heterozygous	Combined oxidative phosphorylation deficiency 24	616239	NA	in trans	GRCh38	NA	SNV/INDEL	11	T	NA	Known	PMGRC-88-88-0	SR-GS	WGS	Full	SV in trans	NA	c.749G>A	paternal	NARS2
2_120971990_PMGRC-437-437-0	Autosomal dominant	0	Likely pathogenic	NA	NA	120971990	CCATTCACAAG	p.Ile371fs	ENST00000361492.9	NA	Heterozygous	Holoprosencephaly	610829	NA	NA	GRCh38	NA	SNV/INDEL	2	C	NA	Known	PMGRC-437-437-0	SR-GS	WGS	Full	NA	NA	c.1111_1120del	paternal	GLI2
7_39951062_PMGRC-635-635-0	Autosomal dominant	0	Likely pathogenic	NA	NA	39951062	A	p.Leu143fs	ENST00000181839.10	NA	Heterozygous	Congenital heart defects, dysmorphic facial features, and intellectual developmental disorder	617360	NA	NA	GRCh38	NA	SNV/INDEL	7	AC	NA	Known	PMGRC-635-635-0	SR-GS	WGS	Full	NA	NA	c.425dup	nonmaternal	CDK13
7_92494496_PMGRC-403-403-0	Autosomal recessive	0	Pathogenic	NA	NA	92494496	CT	p.Gly973fs	ENST00000248633.9	7_92513247_PMGRC-403-403-0	Heterozygous	Peroxisome biogenesis disorder 1A	214100	NA	in trans	GRCh38	NA	SNV/INDEL	7	C	NA	Known	PMGRC-403-403-0	SR-GS	WGS	Full	NA	NA	c.2916del	paternal	PEX1
7_92513247_PMGRC-403-403-0	Autosomal recessive	0	Curation in progress	NA	NA	92513247	T	NA	ENST00000248633.9	7_92494497_PMGRC-403-403-0	Heterozygous	Peroxisome biogenesis disorder 1A	214100	NA	in trans	GRCh38	NA	SNV/INDEL	7	C	NA	Known	PMGRC-403-403-0	SR-GS	WGS	Full	NA	NA	c.1359+601A>G	maternal	PEX1
7_66089114_PMGRC-658-658-0	Autosomal recessive	0	Pathogenic	CA252263	NA	66089114	A	p.Gln286Arg	ENST00000304874.14	NA	Homozygous	Argininosuccinic aciduria	207900	NA	NA	GRCh38	NA	SNV/INDEL	7	G	NA	Known	PMGRC-658-658-0	SR-GS	WGS	Partial	NA	HP:0025630	c.857A>G	biparental	ASL
X_13762368_PMGRC-700-700-0	X-linked	0	Likely pathogenic	NA	NA	13762368	T	p.Gln805fs	ENST00000340096.11	NA	Heterozygous	Joubert syndrome	300804	NA	NA	GRCh38	NA	SNV/INDEL	X	T	NA	Known	PMGRC-700-700-0	SR-GS	WGS	Full	NA	NA	c.2413dup	maternal	OFD1
9_99147751_PMGRC-991-991-0	Autosomal dominant	0	Likely pathogenic	NA	NA	99147751	GC	p.Pro452fs	ENST00000374994.9	NA	Heterozygous	Loeys-Dietz syndrome 1	609192	NA	NA	GRCh38	NA	SNV/INDEL	9	G	NA	Known	PMGRC-991-991-0	SR-GS	WGS	Full	NA	NA	c.1355del	unknown	TGFBR1
15_88857336_PMGRC-114-114-0	Autosomal recessive	0	Likely pathogenic	NA	NA	88857336	AG	p.Asp1585fs	ENST00000439576.2	15_88841871_PMGRC-114-114-0	Heterozygous	Spondyloepimetaphyseal dysplasia, aggrecan type	612813	NA	in trans	GRCh38	NA	SNV/INDEL	15	A	NA	Known	PMGRC-114-114-0	SR-GS	WGS	Full	NA	NA	c.4753del	paternal	ACAN
15_88841871_PMGRC-114-114-0	Autosomal recessive	0	Curation in progress	NA	NA	88841874	A	NA	ENST00000439576.2	15_88857336_PMGRC-114-114-0	Heterozygous	Spondyloepimetaphyseal dysplasia, aggrecan type	612813	NA	in trans	GRCh38	NA	SNV/INDEL	15	G	NA	Known	PMGRC-114-114-0	SR-GS	WGS	Full	NA	NA	c.757+4A>G	maternal	ACAN
20_62957470_PMGRC-999-999-0	Unknown	NA	Curation in progress	NA	NA	62957470	C	p.Tyr132Cys	ENST00000370351.9	NA	Homozygous	NA	NA	NA	NA	GRCh38	NA	SNV/INDEL	20	G	NA	Candidate	PMGRC-999-999-0	SR-GS	WGS	NA	NA	NA	c.287C>G	unknown	SLC17A9
2_1842871_PMGRC-796-796-0	Autosomal dominant	NA	Uncertain significance - moderate	NA	NA	1842871	C	p.?	ENST00000407844.6	NA	Heterozygous	Intellectual developmental disorder, autosomal dominant	616521	NA	NA	GRCh38	NA	SNV/INDEL	2	A	NA	Known	PMGRC-796-796-0	SR-GS	WGS	NA	NA	NA	c.-341G>T	unknown	MYT1L
3_136152346_PMGRC-753-753-0	Unknown	NA	Curation in progress	NA	NA	136152346	C	p.?	ENST00000309993.3	NA	Heterozygous	NA	NA	NA	NA	GRCh38	NA	SNV/INDEL	3	A	NA	Candidate	PMGRC-753-753-0	SR-GS	WGS	NA	NA	NA	c.535G>T	de novo	MSL2
7_5997364_PMGRC-411-411-0	Autosomal dominant	NA	Pathogenic	CA012753	NA	5997364	G	p.?	ENST00000265849.12	NA	Heterozygous	Lynch syndrome 4	614337	NA	NA	GRCh38	NA	SNV/INDEL	7	T	NA	Known	PMGRC-411-411-0	SR-GS	WGS	NA	Secondary Finding	NA	c.765C>A	maternal	PMS2
2_178569478_PMGRC-767-767-0	Autosomal dominant	NA	Pathogenic	CA1989877	NA	178569478	G	p.?	ENST00000589042.5	NA	Heterozygous	Dilated cardiomyopathy	604145	NA	NA	GRCh38	NA	SNV/INDEL	2	A	NA	Known	PMGRC-767-767-0	SR-GS	WGS	NA	Secondary Finding	NA	c.76654C>T	unknown	TTN
3_38562422_PMGRC-977-977-0	Autosomal dominant	NA	Pathogenic	CA017654	NA	38562422	C	p.?	ENST00000423572.7	NA	Heterozygous	Cardiomyopathy, dilated, 1E	601154	NA	NA	GRCh38	NA	SNV/INDEL	3	A	NA	Known	PMGRC-977-977-0	SR-GS	WGS	NA	Secondary Finding	NA	c.3953G>T	unknown	SCN5A
17_43093097_PMGRC-529-529-0	Autosomal dominant	NA	Pathogenic	CA001624	NA	43093097	TG	p.Met1?	ENST00000357654.9	NA	Heterozygous	Breast-ovarian cancer, familial, 1	604370	NA	NA	GRCh38	NA	SNV/INDEL	17	T	NA	Known	PMGRC-529-529-0	SR-GS	WGS	NA	Secondary Finding	NA	c.2433del	maternal	BRCA1
7_94427017_PMGRC-982-982-0	Autosomal recessive	NA	Curation in progress	NA	NA	94427017	G	p.Phe860Leu	ENST00000297268.11	NA	Heterozygous	Ehlers-Danlos syndrome, cardiac valvular type	225320	NA	NA	GRCh38	NA	SNV/INDEL	7	A	NA	Known	PMGRC-982-982-0	SR-GS	WGS	NA	NA	NA	c.3115G>A	unknown	COL1A2
1_11999028_PMGRC-758-758-0	Autosomal recessive	NA	Curation in progress	CA325008	NA	11999028	G	p.?	ENST00000235329.10	NA	Heterozygous	Charcot-Marie-Tooth disease, axonal, type 2A2B	617087	NA	NA	GRCh38	NA	SNV/INDEL	1	A	NA	Known	PMGRC-758-758-0	SR-GS	WGS	NA	NA	NA	c.749G>A	unknown	MFN2
7_47932027_PMGRC-575-575-0	Autosomal recessive	NA	Likely pathogenic	NA	NA	47932027	GC	p.Gly20Val	ENST00000289672.7	NA	Heterozygous	Heterotaxy, visceral, 8, autosomal	617205	NA	NA	GRCh38	NA	SNV/INDEL	7	G	NA	Known	PMGRC-575-575-0	SR-GS	WGS	NA	Intronic deletion in trans - needs RNA analysis	NA	c.427del	paternal	PKD1L1
11_105924565_PMGRC-170-170-0	Autosomal dominant	NA	Likely pathogenic	NA	NA	105924565	G	p.?	ENST00000282499.10	NA	Heterozygous	Neurodevelopmental disorder with or without seizures and gait abnormalities	617864	NA	NA	GRCh38	NA	SNV/INDEL	11	C	NA	Known	PMGRC-170-170-0	SR-GS	WGS	Full	NA	NA	c.1643G>C	de novo	GRIA4
18_57571588_PMGRC-79-79-0	Autosomal dominant	NA	Pathogenic	CA339823	NA	57571588	A	p.Ile232_Ser233insPhe	ENST00000262093.11	NA	Heterozygous	Protoporphyria, erythropoietic, 1	177000	NA	NA	GRCh38	NA	SNV/INDEL	18	G	NA	Known	PMGRC-79-79-0	SR-GS	WGS	NA	NA	NA	c.315-48T>C	maternal	FECH
5_149026872_PMGRC-512-512-0	Autosomal recessive	NA	Pathogenic	CA115573	NA	149026872	C	p.Lys710Argfs*40	ENST00000515425.6	NA	Heterozygous	Charcot-Marie-Tooth disease, type 4C	601596	NA	NA	GRCh38	NA	SNV/INDEL	5	T	NA	Known	PMGRC-512-512-0	SR-GS	WGS	NA	NA	NA	c.2860C>T	maternal	SH3TC2
16_72014483-72014496_PMGRC-299-299-0	Autosomal recessive	NA	Pathogenic	NA	NA	72014483	GTTCTGGGCCATAAA	p.Pro1231fs	ENST00000219240.9	NA	Heterozygous	Miller syndrome	263750	NA	NA	GRCh38	NA	SNV/INDEL	16	G	NA	Known	PMGRC-299-299-0	SR-GS	WGS	NA	NA	NA	c.248_261del	nonmaternal	DHODH
2_144400202_PMGRC-130-130-0	Autosomal dominant	NA	Uncertain significance - moderate	NA	NA	144400202	T	p.Gly530Arg	ENST00000627532.3	NA	Heterozygous	Mowat-Wilson syndrome	235730	NA	NA	GRCh38	NA	SNV/INDEL	2	A	NA	Known	PMGRC-130-130-0	SR-GS	WGS	NA	NA	NA	c.985A>T	unknown	ZEB2
12_49027894_PMGRC-240-240-0	Autosomal dominant	NA	Curation in progress	NA	NA	49027894	T	p.Gln3646fs	ENST00000301067.12	NA	Heterozygous	Kabuki syndrome 1	147920	NA	NA	GRCh38	NA	SNV/INDEL	12	A	NA	Known	PMGRC-240-240-0	SR-GS	WGS	NA	NA	NA	c.14552A>T	unknown	KMT2D
5_37063920_PMGRC-429-429-0	Autosomal dominant	NA	Curation in progress	NA	NA	37063920	C	p.Gln425Leu	ENST00000282516.13	NA	Heterozygous	Cornelia de Lange syndrome 1	122470	NA	NA	GRCh38	NA	SNV/INDEL	5	T	NA	Known	PMGRC-429-429-0	SR-GS	WGS	NA	NA	NA	c.7991C>T	nonmaternal	NIPBL
13_99983090_PMGRC-418-418-0	Autosomal dominant	NA	Curation in progress	NA	NA	99983090	TCTT	p.Trp359*	ENST00000376335.8	NA	Heterozygous	Holoprosencephaly 5	609637	NA	NA	GRCh38	NA	SNV/INDEL	13	T	NA	Known	PMGRC-418-418-0	SR-GS	WGS	NA	NA	NA	c.1030_1032del	de novo	ZIC2
12_6587898_PMGRC-459-459-0	Autosomal dominant	NA	Curation in progress	NA	NA	6587898	G	p.Lys13fs	ENST00000544040.7	NA	Heterozygous	Sifrim-Hitz-Weiss syndrome	617159	NA	NA	GRCh38	NA	SNV/INDEL	12	A	NA	Known	PMGRC-459-459-0	SR-GS	WGS	NA	NA	NA	c.3496C>T	de novo	CHD4
10_113151879_PMGRC-355-355-0	Unknown	NA	Curation in progress	NA	NA	113151879	C	p.Arg240Cys	ENST00000627217.3	NA	Heterozygous	NA	NA	NA	NA	GRCh38	NA	SNV/INDEL	10	T	NA	Candidate	PMGRC-355-355-0	SR-GS	WGS	NA	NA	NA	c.1156C>T	de novo	TCF7L2
2_188999467_PMGRC-301-301-0	Autosomal dominant	NA	Curation in progress	NA	NA	188999467	C	NA	ENST00000304636.9	NA	Heterozygous	Ehlers-Danlos syndrome, vascular type	130050	NA	NA	GRCh38	NA	SNV/INDEL	2	G	NA	Known	PMGRC-301-301-0	SR-GS	WGS	Partial	NA	HP:0001382	c.2122-3C>G	unknown	COL3A1
3_71112570_PMGRC-752-752-0	Autosomal dominant	NA	Curation in progress	NA	NA	71112570	G	p.Asp160Asn	ENST00000318789.11	NA	Heterozygous	Intellectual developmental disorder with language impairment with or without autistic features	613670	NA	NA	GRCh38	NA	SNV/INDEL	3	A	NA	Known	PMGRC-752-752-0	SR-GS	WGS	NA	NA	NA	c.248C>T	de novo	FOXP1
2_188995708_PMGRC-948-948-0	Autosomal dominant	NA	Curation in progress	CA074449	NA	188995708	G	p.Asn16fs	ENST00000304636.9	NA	Heterozygous	Ehlers-Danlos syndrome, vascular type	130050	NA	NA	GRCh38	NA	SNV/INDEL	2	A	NA	Known	PMGRC-948-948-0	SR-GS	WGS	NA	NA	NA	c.1526G>A	unknown	COL3A1
5_128357385_PMGRC-1033-1033-0	Autosomal dominant	NA	Curation in progress	NA	NA	128357385	T	NA	ENST00000262464.9	NA	Heterozygous	Contractural arachnodactyly, congenital	121050	NA	NA	GRCh38	NA	SNV/INDEL	5	G	NA	Known	PMGRC-1033-1033-0	SR-GS	WGS	NA	NA	NA	c.2565A>C	unknown	FBN2
1_2303312_PMGRC-946-946-0	Autosomal dominant	NA	Curation in progress	NA	NA	2303312	C	NA	ENST00000378536.5	NA	Heterozygous	Shprintzen-Goldberg syndrome	182212	NA	NA	GRCh38	NA	SNV/INDEL	1	T	NA	Known	PMGRC-946-946-0	SR-GS	WGS	NA	NA	NA	c.1123C>T	unknown	SKI
2_188999504_PMGRC-1049-1049-0	Autosomal dominant	NA	Curation in progress	NA	NA	188999504	C	NA	ENST00000304636.9	NA	Heterozygous	Ehlers-Danlos syndrome, vascular type	130050	NA	NA	GRCh38	NA	SNV/INDEL	2	T	NA	Known	PMGRC-1049-1049-0	SR-GS	WGS	NA	NA	NA	c.2156C>T	unknown	COL3A1
9_99146570_PMGRC-952-952-0	Autosomal dominant	NA	Curation in progress	CA044656	NA	99146570	T	p.Gly753fs	ENST00000374994.9	NA	Heterozygous	Loeys-Dietz syndrome 1	609192	NA	NA	GRCh38	NA	SNV/INDEL	9	A	NA	Known	PMGRC-952-952-0	SR-GS	WGS	NA	NA	NA	c.1216T>A	unknown	TGFBR1
9_134824604_PMGRC-996-996-0	Autosomal dominant	NA	Curation in progress	CA5320455	NA	134824604	C	NA	ENST00000371817.8	NA	Heterozygous	Ehlers-Danlos syndrome, classic type, 1	130000	NA	NA	GRCh38	NA	SNV/INDEL	9	T	NA	Known	PMGRC-996-996-0	SR-GS	WGS	NA	NA	NA	c.4703C>T	unknown	COL5A1
2_189043249_PMGRC-972-972-0	Autosomal dominant	NA	Curation in progress	CA2022009	NA	189043249	C	NA	ENST00000374866.9	NA	Heterozygous	Ehlers-Danlos syndrome, classic type, 2	130010	NA	NA	GRCh38	NA	SNV/INDEL	2	T	NA	Known	PMGRC-972-972-0	SR-GS	WGS	NA	NA	NA	c.3373G>A	unknown	COL5A2
22_31713672_PMGRC-992-992-0	Unknown	NA	Curation in progress	NA	NA	31713672	CT	p.Tyr318Cys	ENST00000327423.11	NA	Heterozygous	NA	NA	NA	NA	GRCh38	NA	SNV/INDEL	22	C	NA	Candidate	PMGRC-992-992-0	SR-GS	WGS	NA	NA	NA	c.4166del	unknown	PRR14L
17_50189444_PMGRC-1004-1004-0	Autosomal dominant	NA	Curation in progress	NA	NA	50189444	T	p.Gln175*	ENST00000225964.10	NA	Heterozygous	Combined osteogenesis imperfecta and Ehlers-Danlos syndrome 1	619115	NA	NA	GRCh38	NA	SNV/INDEL	17	A	NA	Known	PMGRC-1004-1004-0	SR-GS	WGS	NA	NA	NA	c.2762A>T	unknown	COL1A1
8_112650195_PMGRC-137-137-0	Unknown	NA	Curation in progress	NA	NA	112650195	G	p.Arg1530*	ENST00000297405.10	NA	Heterozygous	NA	NA	NA	NA	GRCh38	NA	SNV/INDEL	8	GT	NA	Candidate	PMGRC-137-137-0	SR-GS	WGS	NA	NA	NA	c.3158dup	unknown	CSMD3
3_14910895_PMGRC-239-239-0	Unknown	NA	Curation in progress	NA	NA	14910895	CAG	NA	ENST00000285046.10	NA	Heterozygous	NA	NA	NA	NA	GRCh38	NA	SNV/INDEL	3	C	NA	Candidate	PMGRC-239-239-0	SR-GS	WGS	NA	NA	NA	c.3372_3373del	unknown	FGD5
5_122076993_PMGRC-945-945-0	Autosomal dominant	NA	Curation in progress	NA	NA	122076993	C	p.Leu174fs	ENST00000231004.5	NA	Heterozygous	Aortic aneurysm, familial thoracic 10	617168	NA	NA	GRCh38	NA	SNV/INDEL	5	T	NA	Known	PMGRC-945-945-0	SR-GS	WGS	NA	NA	NA	c.640G>A	unknown	LOX
2_97538357_PMGRC-572-572-0	Unknown	NA	Curation in progress	NA	NA	97538357	G	p.Asp105fs	ENST00000359901.9	NA	Homozygous	NA	NA	NA	NA	GRCh38	NA	SNV/INDEL	2	A	NA	Candidate	PMGRC-572-572-0	SR-GS	WGS	NA	NA	NA	c.1994C>T	unknown	ANKRD36B
X_153506604_PMGRC-1000-1000-0	X-linked	NA	Curation in progress	NA	NA	153506604	G	NA	ENST00000331595.9	NA	Hemizygous	Meester-Loeys syndrome	300989	NA	NA	GRCh38	NA	SNV/INDEL	X	A	NA	Known	PMGRC-1000-1000-0	SR-GS	WGS	NA	NA	NA	c.641G>A	unknown	BGN
16_15837986_PMGRC-990-990-0	Autosomal dominant	NA	NA	NA	NA	15837986	G	NA	ENST00000452625.7	NA	Heterozygous	Aortic aneurysm, familial thoracic 4	132900	NA	NA	GRCh38	NA	SNV/INDEL	16	T	NA	Known	PMGRC-990-990-0	SR-GS	WGS	NA	NA	NA	c.267C>A	unknown	MYH11
15_62840551_PMGRC-832-832-0	Unknown	NA	Curation in progress	NA	NA	62840551	C	NA	ENST00000636159.2	NA	Heterozygous	NA	NA	NA	NA	GRCh38	NA	SNV/INDEL	15	T	NA	Candidate	PMGRC-832-832-0	SR-GS	WGS	NA	NA	NA	c.4645C>T	de novo	TLN2
5_135895434_PMGRC-832-832-0	Unknown	NA	Curation in progress	NA	NA	135895434	A	p.Ser893Arg	ENST00000274520.2	5_135894133_PMGRC-832-832-0	Heterozygous	NA	NA	NA	in trans	GRCh38	NA	SNV/INDEL	5	G	NA	Candidate	PMGRC-832-832-0	SR-GS	WGS	NA	NA	NA	c.183+6T>C	paternal	IL9
5_135894133_PMGRC-832-832-0	Unknown	NA	Curation in progress	NA	NA	135894133	A	NA	ENST00000274520.2	5_135895434_PMGRC-832-832-0	Heterozygous	NA	NA	NA	in trans	GRCh38	NA	SNV/INDEL	5	G	NA	Candidate	PMGRC-832-832-0	SR-GS	WGS	NA	NA	NA	c.202T>C	maternal	IL9
9_134818659_PMGRC-966-966-0	Autosomal dominant	NA	Curation in progress	CA246407	NA	134818659	G	NA	ENST00000371817.8	NA	Heterozygous	Ehlers-Danlos syndrome, classic type, 1	130000	NA	NA	GRCh38	NA	SNV/INDEL	9	A	NA	Known	PMGRC-966-966-0	SR-GS	WGS	NA	NA	NA	c.4234G>A	unknown	COL5A1
1_223821355_PMGRC-446-446-0	Unknown	NA	Curation in progress	NA	NA	223821355	C	NA	ENST00000343537.12	1_223784237_PMGRC-446-446-0	Heterozygous	NA	NA	NA	in trans	GRCh38	NA	SNV/INDEL	1	T	NA	Candidate	PMGRC-446-446-0	SR-GS	WGS	NA	NA	NA	c.40G>A	paternal	TP53BP2
1_223784237_PMGRC-446-446-0	Unknown	NA	Curation in progress	NA	NA	223784237	CA	NA	ENST00000343537.12	1_223821355_PMGRC-446-446-0	Heterozygous	NA	NA	NA	in trans	GRCh38	NA	SNV/INDEL	1	C	NA	Candidate	PMGRC-446-446-0	SR-GS	WGS	NA	NA	NA	c.3240del	maternal	TP53BP2
11_64651568_PMGRC-255-255-0	Unknown	NA	Curation in progress	NA	NA	64651568	G	NA	ENST00000265459.11	NA	Heterozygous	NA	NA	NA	NA	GRCh38	NA	SNV/INDEL	11	A	NA	Candidate	PMGRC-255-255-0	SR-GS	WGS	NA	NA	NA	c.2605C>T	unknown	NRXN2
14_30906890_PMGRC-255-255-0	Unknown	NA	Curation in progress	NA	NA	30906890	G	NA	ENST00000357479.10	NA	Heterozygous	NA	NA	NA	NA	GRCh38	NA	SNV/INDEL	14	T	NA	Candidate	PMGRC-255-255-0	SR-GS	WGS	NA	NA	NA	c.1875C>A	unknown	STRN3
17_45241423_PMGRC-985-985-0	Unknown	NA	Curation in progress	NA	NA	45241423	TC	NA	ENST00000331495.8	NA	Heterozygous	NA	NA	NA	NA	GRCh38	NA	SNV/INDEL	17	T	NA	Candidate	PMGRC-985-985-0	SR-GS	WGS	NA	NA	NA	c.1379del	unknown	FMNL1
12_108658894_PMGRC-1030-1030-0	Unknown	NA	Curation in progress	NA	NA	108658894	C	NA	ENST00000261401.8	NA	Heterozygous	NA	NA	NA	NA	GRCh38	NA	SNV/INDEL	12	T	NA	Candidate	PMGRC-1030-1030-0	SR-GS	WGS	NA	NA	NA	c.474G>A	unknown	CORO1C
7_148759576_PMGRC-1050-1050-0	Unknown	NA	Curation in progress	NA	NA	148759576	AAAAGG	NA	ENST00000325222.9	NA	Heterozygous	NA	NA	NA	NA	GRCh38	NA	SNV/INDEL	7	A	NA	Candidate	PMGRC-1050-1050-0	SR-GS	WGS	NA	NA	NA	c.571_575del	unknown	CUL1
X_103079463_PMGRC-1017-1017-0	Unknown	NA	Curation in progress	NA	NA	103079463	C	NA	ENST00000395065.8	NA	Hemizygous	NA	NA	NA	NA	GRCh38	NA	SNV/INDEL	X	A	NA	Candidate	PMGRC-1017-1017-0	SR-GS	WGS	NA	NA	NA	c.1231G>T	unknown	NXF3
17_7325234_PMGRC-1048-1048-0	Unknown	NA	Curation in progress	NA	NA	7325234	C	NA	ENST00000399464.7	NA	Heterozygous	NA	NA	NA	NA	GRCh38	NA	SNV/INDEL	17	A	NA	Candidate	PMGRC-1048-1048-0	SR-GS	WGS	NA	NA	NA	c.1606G>T	unknown	NEURL4
20_3044757_PMGRC-949-949-0	Unknown	NA	Curation in progress	NA	NA	3044757	A	NA	ENST00000359100.6	NA	Homozygous	NA	NA	NA	NA	GRCh38	NA	SNV/INDEL	20	ACTGT	NA	Candidate	PMGRC-949-949-0	SR-GS	WGS	NA	NA	NA	c.213_214insTGTC	unknown	GNRH2
1_236572505_PMGRC-485-485-0	Unknown	NA	Curation in progress	NA	NA	236572505	G	NA	ENST00000366582.8	NA	Heterozygous	NA	NA	NA	NA	GRCh38	NA	SNV/INDEL	1	A	NA	Candidate	PMGRC-485-485-0	SR-GS	WGS	NA	NA	NA	c.3613C>T	paternal	HEATR1
2_27138700_PMGRC-485-485-0	Unknown	NA	Curation in progress	NA	NA	27138700	G	NA	ENST00000335524.7	2_27138054_PMGRC-485-485-0	Heterozygous	NA	NA	NA	in trans	GRCh38	NA	SNV/INDEL	2	A	NA	Candidate	PMGRC-485-485-0	SR-GS	WGS	NA	NA	NA	c.-365-6C>T	paternal	PRR30
2_27138054_PMGRC-485-485-0	Unknown	NA	Curation in progress	NA	NA	27138054	TG	NA	ENST00000335524.7	2_27138700_PMGRC-485-485-0	Heterozygous	NA	NA	NA	in trans	GRCh38	NA	SNV/INDEL	2	T	NA	Candidate	PMGRC-485-485-0	SR-GS	WGS	NA	NA	NA	c.275del	maternal	PRR30
11_64660831_PMGRC-86-86-0	Unknown	NA	Curation in progress	NA	NA	64660831	C	NA	ENST00000265459.11	NA	Heterozygous	NA	NA	NA	NA	GRCh38	NA	SNV/INDEL	11	T	NA	Candidate	PMGRC-86-86-0	SR-GS	WGS	NA	NA	NA	c.2107G>A	paternal	NRXN2
11-1254352_PMGRC-772-772-0	Unknown	NA	Curation in progress	NA	NA	1254352	G	NA	ENST00000529681.5	NA	Heterozygous	NA	NA	NA	NA	GRCh38	NA	SNV/INDEL	11	C	NA	Candidate	PMGRC-772-772-0	SR-GS	WGS	NA	NA	NA	c.15477+1G>C	unknown	MUC5B
17_5433033_PMGRC-772-772-0	Autosomal recessive	NA	Curation in progress	NA	NA	5433033	ACT	NA	ENST00000225698.8	NA	Heterozygous	Combined oxidative phosphorylation deficiency 33	617713	NA	NA	GRCh38	NA	SNV/INDEL	17	A	NA	Known	PMGRC-772-772-0	SR-GS	WGS	NA	NA	NA	c.829_830del	unknown	C1QBP
6_83137600_PMGRC-746-746-0	Unknown	NA	Curation in progress	NA	NA	83137600	T	NA	ENST00000349129.7	NA	Heterozygous	NA	NA	NA	NA	GRCh38	NA	SNV/INDEL	6	TA	NA	Candidate	PMGRC-746-746-0	SR-GS	WGS	NA	NA	NA	c.3559dup	unknown	DOP1A
13_66631258_PMGRC-746-746-0	Unknown	NA	Curation in progress	NA	NA	66631258	AG	NA	ENST00000377865.7	NA	Heterozygous	NA	NA	NA	NA	GRCh38	NA	SNV/INDEL	13	A	NA	Candidate	PMGRC-746-746-0	SR-GS	WGS	NA	NA	NA	c.3291del	unknown	PCDH9
10_69016058_PMGRC-294-294-0	Autosomal recessive	NA	Curation in progress	CA5529913	NA	69016058	T	NA	ENST00000361983.7	NA	Heterozygous	Goldberg-Shprintzen megacolon syndrome	609460	NA	NA	GRCh38	NA	SNV/INDEL	10	TA	NA	Known	PMGRC-294-294-0	SR-GS	WGS	NA	NA	NA	c.1516dup	nonmaternal	KIFBP
11_66526181_PMGRC-294-294-0	Autosomal recessive	NA	Pathogenic	CA223760	NA	66526181	T	NA	ENST00000318312.12	NA	Heterozygous	Bardet-Biedl syndrome 1	209900	NA	NA	GRCh38	NA	SNV/INDEL	11	G	NA	Known	PMGRC-294-294-0	SR-GS	WGS	NA	NA	NA	c.1169T>G	maternal	BBS1
16_3252026_PMGRC-817-817-0	Autosomal dominant	NA	Curation in progress	NA	NA	3252026	G	NA	ENST00000339854.8	NA	Heterozygous	Familial Mediterranean fever	134610	NA	NA	GRCh38	NA	SNV/INDEL	16	A	NA	Known	PMGRC-817-817-0	SR-GS	WGS	NA	NA	NA	c.301C>T	unknown	MEFV
3_3127538_PMGRC-817-817-0	Autosomal recessive	NA	Curation in progress	NA	NA	3127538	G	NA	ENST00000402675.5	3_3148051_PMGRC-817-817-0	Heterozygous	Sideroblastic anemia with B-cell immunodeficiency, periodic fevers, and developmental delay	616084	NA	unknown	GRCh38	NA	SNV/INDEL	3	C	NA	Known	PMGRC-817-817-0	SR-GS	WGS	NA	NA	NA	c.-508G>C	unknown	TRNT1
3_3148051_PMGRC-817-817-0	Autosomal recessive	NA	Pathogenic	NA	NA	3148051	G	NA	ENST00000251607.11	3_3127538_PMGRC-817-817-0	Heterozygous	Sideroblastic anemia with B-cell immunodeficiency, periodic fevers, and developmental delay	616084	NA	unknown	GRCh38	NA	SNV/INDEL	3	GAA	NA	Known	PMGRC-817-817-0	SR-GS	WGS	NA	NA	NA	c.1205_1206dup	unknown	TRNT1
6_1611822_PMGRC-779-779-0	Autosomal dominant	NA	Curation in progress	NA	NA	1611822	CGGCCA	NA	ENST00000645831.2	NA	Heterozygous	Axenfeld-Rieger syndrome, type 3	602482	NA	NA	GRCh38	NA	SNV/INDEL	6	C	NA	Known	PMGRC-779-779-0	SR-GS	WGS	NA	NA	NA	c.1378_1382del	de novo	FOXC1
19_43353899_PMGRC-782-782-0	Unknown	NA	Curation in progress	NA	NA	43353899	G	NA	ENST00000618265.5	NA	Homozygous	NA	NA	NA	NA	GRCh38	NA	SNV/INDEL	19	A	NA	Candidate	PMGRC-782-782-0	SR-GS	WGS	NA	NA	NA	c.99G>A	biparental	CD177
12_88083854_PMGRC-782-782-0	Autosomal recessive	NA	Curation in progress	NA	NA	88083854	G	NA	ENST00000552810.6	12_88083133_PMGRC-782-782-0	Heterozygous	Meckel syndrome 4	611134	NA	in trans	GRCh38	NA	SNV/INDEL	12	A	NA	Known	PMGRC-782-782-0	SR-GS	WGS	NA	NA	NA	c.4805C>T	paternal	CEP290
12_88083133_PMGRC-782-782-0	Autosomal recessive	NA	Curation in progress	NA	NA	88083133	A	NA	ENST00000552810.6	12_88083854_PMGRC-782-782-0	Heterozygous	Meckel syndrome 4	611134	NA	in trans	GRCh38	NA	SNV/INDEL	12	G	NA	Known	PMGRC-782-782-0	SR-GS	WGS	NA	NA	NA	c.4910T>C	maternal	CEP290
12_57525719_PMGRC-152-152-0	Unknown	NA	Curation in progress	NA	NA	57525719	T	NA	ENST00000355673.8	NA	Heterozygous	NA	NA	NA	NA	GRCh38	NA	SNV/INDEL	12	TCC	NA	Candidate	PMGRC-152-152-0	SR-GS	WGS	NA	NA	NA	c.752_753dup	maternal	MBD6
19_17578045_PMGRC-312-312-0	Autosomal recessive	NA	Curation in progress	NA	NA	17578045	G	NA	ENST00000252599.9	19_17581332_PMGRC-312-312-0	Heterozygous	Brain small vessel disease 3	618360	NA	unknown	GRCh38	NA	SNV/INDEL	19	C	NA	Known	PMGRC-312-312-0	SR-GS	WGS	NA	NA	NA	c.1222G>C	paternal	COLGALT1
19_17581332_PMGRC-312-312-0	Autosomal recessive	NA	Curation in progress	NA	NA	17581332	G	NA	ENST00000252599.9	19_17578045_PMGRC-312-312-0	Heterozygous	Brain small vessel disease 3	618360	NA	unknown	GRCh38	NA	SNV/INDEL	19	C	NA	Known	PMGRC-312-312-0	SR-GS	WGS	NA	NA	NA	c.1757G>C	nonpaternal	COLGALT1
15_29711000_PMGRC-312-312-0	Unknown	NA	Curation in progress	NA	NA	29711000	CCT	NA	ENST00000614355.4	NA	Heterozygous	NA	NA	NA	NA	GRCh38	NA	SNV/INDEL	15	C	NA	Candidate	PMGRC-312-312-0	SR-GS	WGS	NA	NA	NA	c.3927-2_3927-1del	nonpaternal	TJP1
19_11113307_PMGRC-248-248-0	Autosomal dominant	NA	Pathogenic	NA	NA	11113307	C	NA	ENST00000558518.6	NA	Heterozygous	Hypercholesterolemia, familial, 1	143890	NA	NA	GRCh38	NA	SNV/INDEL	19	T	NA	Known	PMGRC-248-248-0	SR-GS	WGS	NA	Secondary Finding	NA	c.1216C>T	maternal	LDLR
17_31159086_PMGRC-8-8-0	Autosomal dominant	NA	Likely pathogenic	NA	NA	31159086	T	NA	ENST00000358273.9	NA	Heterozygous	Neurofibromatosis, type 1	162200	NA	NA	GRCh38	NA	SNV/INDEL	17	G	NA	Known	PMGRC-8-8-0	SR-GS	WGS	Partial	NA	HP:0001744|HP:0004812|	c.281T>G	unknown	NF1
11_65539332_PMGRC-954-954-0	Unknown	NA	Curation in progress	NA	NA	65539332	G	NA	ENST00000301873.11	NA	Heterozygous	NA	NA	NA	NA	GRCh38	NA	SNV/INDEL	11	A	NA	Candidate	PMGRC-954-954-0	SR-GS	WGS	NA	NA	NA	c.3756C>T	unknown	LTBP3
6_69790256_PMGRC-148-148-0	Autosomal recessive	NA	Curation in progress	NA	NA	69790256	T	NA	ENST00000649934.3	NA	Heterozygous	Methylmalonic aciduria and homocystinuria, cblF type	277380	NA	NA	GRCh38	NA	SNV/INDEL	6	C	NA	Known	PMGRC-148-148-0	SR-GS	WGS	NA	NA	NA	c.246+40A>G	maternal	LMBRD1
X_124645226_PMGRC-793-793-0	Unknown	NA	Curation in progress	NA	NA	124645226	TCAATG	NA	ENST00000422452.2	NA	Hemizygous	NA	NA	NA	NA	GRCh38	NA	SNV/INDEL	X	G	NA	Candidate	PMGRC-793-793-0	SR-GS	WGS	NA	NA	NA	c.1788_1792del	maternal	TENM1
13_25540380_PMGRC-280-280-0	Autosomal recessive	NA	Curation in progress	NA	NA	25540380	A	NA	ENST00000381655.7	13_25571666_PMGRC-280-280-0	Heterozygous	Cerebellar ataxia, impaired intellectual development, and dysequilibrium syndrome 4	615268	NA	unknown	GRCh38	NA	SNV/INDEL	13	T	NA	Known	PMGRC-280-280-0	SR-GS	WGS	NA	NA	NA	c.643A>T	unknown	ATP8A2
13_25571666_PMGRC-280-280-0	Autosomal recessive	NA	Curation in progress	NA	NA	25571666	A	NA	ENST00000381655.7	13_25540380_PMGRC-280-280-0	Heterozygous	Cerebellar ataxia, impaired intellectual development, and dysequilibrium syndrome 4	615268	NA	unknown	GRCh38	NA	SNV/INDEL	13	T	NA	Known	PMGRC-280-280-0	SR-GS	WGS	NA	NA	NA	c.1636A>T	unknown	ATP8A2
6_42673888_PMGRC-1035-1035-0	Unknown	NA	Curation in progress	NA	NA	42673888	G	NA	ENST00000372901.2	NA	Heterozygous	NA	NA	NA	NA	GRCh38	NA	SNV/INDEL	6	C	NA	Candidate	PMGRC-1035-1035-0	SR-GS	WGS	NA	NA	NA	c.4183+1G>C	unknown	UBR2
15_67184754_PMGRC-1035-1035-0	Autosomal dominant	NA	Curation in progress	NA	NA	67184754	G	NA	ENST00000327367.9	NA	Heterozygous	Loeys-Dietz syndrome 3	613795	NA	NA	GRCh38	NA	SNV/INDEL	15	A	NA	Known	PMGRC-1035-1035-0	SR-GS	WGS	NA	NA	NA	c.899G>A	unknown	SMAD3
9_124554541_PMGRC-1046-1046-0	Unknown	NA	Curation in progress	NA	NA	124554541	G	NA	ENST00000487099.7	NA	Heterozygous	NA	NA	NA	NA	GRCh38	NA	SNV/INDEL	9	A	NA	Candidate	PMGRC-1046-1046-0	SR-GS	WGS	NA	NA	NA	c.172C>T	unknown	NR6A1
1_218405315_PMGRC-1046-1046-0	Autosomal dominant	NA	Curation in progress	NA	NA	218405315	C	NA	ENST00000366930.9	NA	Heterozygous	Loeys-Dietz syndrome 4	614816	NA	NA	GRCh38	NA	SNV/INDEL	1	T	NA	Known	PMGRC-1046-1046-0	SR-GS	WGS	NA	NA	NA	c.493C>T	unknown	TGFB2
13_51946291_PMGRC-3-3-0	Autosomal recessive	NA	Curation in progress	CA273886	NA	51946291	G	NA	ENST00000242839.10	NA	Mosaic	Wilson disease	277900	NA	NA	GRCh38	NA	SNV/INDEL	13	A	NA	Known	PMGRC-3-3-0	SR-GS	WGS	NA	NA	NA	c.3053C>T	nonmaternal	ATP7B
1_226071450_PMGRC-3-3-0	Autosomal dominant	NA	Curation in progress	NA	NA	226071450	G	NA	ENST00000366815.10	NA	Heterozygous	Bryant-Li-Bhoj neurodevelopmental syndrome 1	619720	NA	NA	GRCh38	NA	SNV/INDEL	1	A	NA	Known	PMGRC-3-3-0	SR-GS	WGS	NA	NA	NA	c.382G>A	nonmaternal	H3F3A
11_2847858_PMGRC-369-369-0	Autosomal dominant	NA	Curation in progress	CA252591	NA	2847858	G	NA	ENST00000155840.12	NA	Heterozygous	Beckwith-Wiedemann syndrome	130650	NA	NA	GRCh38	NA	SNV/INDEL	11	GC	NA	Known	PMGRC-369-369-0	SR-GS	WGS	NA	NA	NA	c.1893dup	maternal	KCNQ1
19_41969543_PMGRC-369-369-0	Autosomal dominant	NA	Curation in progress	NA	NA	41969543	A	NA	ENST00000441343.5	NA	Heterozygous	Alternating hemiplegia of childhood 2	614820	NA	NA	GRCh38	NA	SNV/INDEL	19	C	NA	Known	PMGRC-369-369-0	SR-GS	WGS	NA	NA	NA	c.2580T>G	maternal	ATP1A3
1_35381656_PMGRC-590-590-0	Unknown	NA	Curation in progress	NA	NA	35381656	T	NA	ENST00000314607.11	NA	Heterozygous	NA	NA	NA	NA	GRCh38	NA	SNV/INDEL	1	G	NA	Candidate	PMGRC-590-590-0	SR-GS	WGS	NA	NA	NA	c.1467T>G	de novo	ZMYM4
20_13792704_PMGRC-674-674-0	Autosomal recessive	NA	Curation in progress	NA	NA	13792704	G	NA	ENST00000378106.10	20_13788652_PMGRC-674-674-0	Heterozygous	Mitochondrial complex I deficiency, nuclear type 16	618238	NA	unknown	GRCh38	NA	SNV/INDEL	20	T	NA	Known	PMGRC-674-674-0	SR-GS	WGS	NA	NA	NA	c.328-476G>T	unknown	NDUFAF5
20_13788652_PMGRC-674-674-0	Autosomal recessive	NA	Curation in progress	CA9767701	NA	13788652	G	NA	ENST00000378106.10	20_13792704_PMGRC-674-674-0	Heterozygous	Mitochondrial complex I deficiency, nuclear type 16	618238	NA	unknown	GRCh38	NA	SNV/INDEL	20	C	NA	Known	PMGRC-674-674-0	SR-GS	WGS	NA	NA	NA	c.327G>C	unknown	NDUFAF5
3_18352119_PMGRC-611-611-0	Autosomal dominant	NA	Curation in progress	NA	NA	18352119	A	NA	ENST00000338745.11	NA	Heterozygous	den Hoed-de Boer-Voisin syndrome	619229	NA	NA	GRCh38	NA	SNV/INDEL	3	G	NA	Known	PMGRC-611-611-0	SR-GS	WGS	NA	NA	NA	c.1652T>C	maternal	SATB1
3_158203174_PMGRC-611-611-0	Autosomal recessive	NA	Curation in progress	NA	NA	158203174	CA	NA	ENST00000611884.5	NA	Heterozygous	Intellectual developmental disorder, autosomal recessive 70	618402	NA	NA	GRCh38	NA	SNV/INDEL	3	C	NA	Known	PMGRC-611-611-0	SR-GS	WGS	NA	NA	NA	c.424del	maternal	RSRC1
4_99619099_PMGRC-611-611-0	Autosomal recessive	NA	Curation in progress	NA	NA	99619099	G	NA	ENST00000265517.10	NA	Heterozygous	Abetalipoproteinemia	200100	NA	NA	GRCh38	NA	SNV/INDEL	4	A	NA	Known	PMGRC-611-611-0	SR-GS	WGS	NA	NA	NA	c.2342+1G>A	nonmaternal	MTTP
2_6865407_PMGRC-178-178-0	Unknown	NA	Curation in progress	NA	NA	6865407	C	NA	ENST00000256722.10	2_6849938_PMGRC-178-178-0	Heterozygous	NA	NA	NA	in trans	GRCh38	NA	SNV/INDEL	2	T	NA	Candidate	PMGRC-178-178-0	SR-GS	WGS	NA	NA	NA	c.290G>A	paternal	CMPK2
2_6849938_PMGRC-178-178-0	Unknown	NA	Curation in progress	NA	NA	6849938	C	NA	ENST00000256722.10	2_6865407_PMGRC-178-178-0	Heterozygous	NA	NA	NA	in trans	GRCh38	NA	SNV/INDEL	2	T	NA	Candidate	PMGRC-178-178-0	SR-GS	WGS	NA	NA	NA	c.1262G>A	maternal	CMPK2
10_73792184_PMGRC-178-178-0	Unknown	NA	Curation in progress	NA	NA	73792184	C	NA	ENST00000604729.6	NA	Heterozygous	NA	NA	NA	NA	GRCh38	NA	SNV/INDEL	10	T	NA	Candidate	PMGRC-178-178-0	SR-GS	WGS	NA	NA	NA	c.1645C>T	maternal	ZSWIM8
5_98899555_PMGRC-178-178-0	Autosomal dominant	NA	Curation in progress	NA	NA	98899555	G	NA	ENST00000614616.5	NA	Heterozygous	Pilarowski-Bjornsson syndrome	617682	NA	NA	GRCh38	NA	SNV/INDEL	5	A	NA	Known	PMGRC-178-178-0	SR-GS	WGS	NA	NA	NA	c.1010C>T	de novo	CHD1
7_42076762_PMGRC-287-287-0	Autosomal dominant	NA	Curation in progress	NA	NA	42076762	G	NA	ENST00000395925.8	NA	Heterozygous	Greig cephalopolysyndactyly syndrome	175700	NA	NA	GRCh38	NA	SNV/INDEL	7	A	NA	Known	PMGRC-287-287-0	SR-GS	WGS	NA	NA	NA	c.463C>T	maternal	GLI3
17_43057062_PMGRC-323-323-0	Autosomal dominant	NA	Pathogenic	NA	NA	43057062	T	NA	ENST00000357654.9	NA	Heterozygous	Breast-ovarian cancer, familial, 1	604370	NA	NA	GRCh38	NA	SNV/INDEL	17	TG	NA	Known	PMGRC-323-323-0	SR-GS	WGS	NA	Secondary Finding	NA	c.5266dup	paternal	BRCA1
8_130054783_PMGRC-323-323-0	Unknown	NA	Curation in progress	NA	NA	130054783	G	NA	ENST00000518721.1	NA	Heterozygous	NA	NA	NA	NA	GRCh38	NA	SNV/INDEL	8	A	NA	Candidate	PMGRC-323-323-0	SR-GS	WGS	NA	NA	NA	c.3338C>T	de novo	ASAP1
14_23417669_PMGRC-217-217-0	Unknown	NA	Curation in progress	NA	NA	23417669	C	NA	ENST00000355349.4	NA	Heterozygous	NA	NA	NA	NA	GRCh38	NA	SNV/INDEL	14	A	NA	Candidate	PMGRC-217-217-0	SR-GS	WGS	NA	NA	NA	c.4187G>T	maternal	MHY7
6_12130768_PMGRC-217-217-0	Unknown	NA	Curation in progress	NA	NA	12130768	T	NA	ENST00000379388.7	NA	Heterozygous	NA	NA	NA	NA	GRCh38	NA	SNV/INDEL	6	TA	NA	Candidate	PMGRC-217-217-0	SR-GS	WGS	NA	NA	NA	c.6212dupA	de novo	HIVEP1
17_7038218_PMGRC-217-217-0	Unknown	NA	Curation in progress	NA	NA	7038218	G	NA	ENST00000308027.7	17_7038203_PMGRC-217-217-0	Heterozygous	NA	NA	NA	in trans	GRCh38	NA	SNV/INDEL	17	A	NA	Candidate	PMGRC-217-217-0	SR-GS	WGS	NA	NA	NA	c.410G>A	paternal	SLC16A13
17_7038203_PMGRC-217-217-0	Unknown	NA	Curation in progress	NA	NA	7038203	A	NA	ENST00000308027.7	17_7038218_PMGRC-217-217-0	Heterozygous	NA	NA	NA	in trans	GRCh38	NA	SNV/INDEL	17	G	NA	Candidate	PMGRC-217-217-0	SR-GS	WGS	NA	NA	NA	c.395A>G	maternal	SLC16A13
6_157167885_PMGRC-146-146-0	Autosomal dominant	NA	Curation in progress	NA	NA	157167885	C	NA	ENST00000346085.5	NA	Heterozygous	Coffin-Siris syndrome 1	614556	NA	NA	GRCh38	NA	SNV/INDEL	6	G	NA	Known	PMGRC-146-146-0	SR-GS	WGS	NA	NA	NA	c.3025+700C>G	de novo	ARID1B
6_31652079_PMGRC-146-146-0	Unknown	NA	Curation in progress	NA	NA	31652079	C	NA	ENST00000425649.6	NA	Heterozygous	NA	NA	NA	NA	GRCh38	NA	SNV/INDEL	6	T	NA	Candidate	PMGRC-146-146-0	SR-GS	WGS	NA	second variant in trans but likely benign	NA	c.-13-303G>A	paternal	BAG6
7_98203943_PMGRC-146-146-0	Unknown	NA	Curation in progress	NA	NA	98203943	G	NA	ENST00000297293.6	NA	Heterozygous	NA	NA	NA	NA	GRCh38	NA	SNV/INDEL	7	A	NA	Candidate	PMGRC-146-146-0	SR-GS	WGS	NA	second variant in trans but likely benign	NA	c.4241-1G>A	paternal	LMTK2
14_69325405_PMGRC-104-104-0	Unknown	NA	Curation in progress	NA	NA	69325405	G	NA	ENST00000448469.8	NA	Heterozygous	NA	NA	NA	NA	GRCh38	NA	SNV/INDEL	14	A	NA	Candidate	PMGRC-104-104-0	SR-GS	WGS	NA	NA	NA	c.502+1G>A	de novo	GALNT16
11_101455197_PMGRC-706-706-0	Autosomal dominant	NA	Curation in progress	NA	NA	101455197	T	NA	ENST00000344327.8	NA	Heterozygous	Glomerulosclerosis, focal segmental, 2	603965	NA	NA	GRCh38	NA	SNV/INDEL	11	C	NA	Known	PMGRC-706-706-0	SR-GS	WGS	NA	NA	NA	c.2485-96A>G	maternal	TRPC6
3_12749832_PMGRC-289-289-0	Unknown	NA	Curation in progress	NA	NA	12749832	T	NA	ENST00000314124.12	NA	Heterozygous	NA	NA	NA	NA	GRCh38	NA	SNV/INDEL	3	C	NA	Candidate	PMGRC-289-289-0	SR-GS	WGS	NA	NA	NA	c.1A>G	maternal	TMEM40
2_98194493_PMGRC-279-279-0	Unknown	NA	Curation in progress	NA	NA	98194493	G	NA	ENST00000477737.6	2_98093151_PMGRC-279-279-0	Heterozygous	NA	NA	NA	in trans	GRCh38	NA	SNV/INDEL	2	A	NA	Candidate	PMGRC-279-279-0	SR-GS	WGS	NA	NA	NA	c.1737+1G>A	paternal	VWA3B
2_98093151_PMGRC-279-279-0	Unknown	NA	Curation in progress	NA	NA	98093151	G	NA	ENST00000477737.6	2_98194493_PMGRC-279-279-0	Heterozygous	NA	NA	NA	in trans	GRCh38	NA	SNV/INDEL	2	T	NA	Candidate	PMGRC-279-279-0	SR-GS	WGS	NA	NA	NA	c.59G>T	maternal	VWA3B
