experiment_rna_short_read_id	percent_mtRNA	library_prep_type	percent_Globin	experiment_type	seq_library_prep_kit_method	date_data_generation	percent_chrX_Y	percent_UMI	single_or_paired_ends	estimated_library_size	read_length	percent_rRNA	sequencing_platform	5prime3prime_bias	RIN	analyte_id	total_reads	experiment_sample_id	percent_mRNA	within_site_batch_name	percent_GC
CNH_I_SQ11652	NA	rRNA depletion|globin depletion	NA	paired-end|untargeted	Watchmaker ribosomal and globin depletion	2022-12-02	NA	NA	paired-end	NA	150	NA	NovaSeq	NA	8	LS4339048	194970644	LS4339048_SQ11652	NA	RNA 1A	NA
CNH_I_SQ11653	NA	rRNA depletion|globin depletion	NA	paired-end|untargeted	Watchmaker ribosomal and globin depletion	2022-12-02	NA	NA	paired-end	NA	150	NA	NovaSeq	NA	7.8	LS4339049	228544087	LS4339049_SQ11653	NA	RNA 1A	NA
CNH_I_SQ11654	NA	rRNA depletion|globin depletion	NA	paired-end|untargeted	Watchmaker ribosomal and globin depletion	2022-12-02	NA	NA	paired-end	NA	150	NA	NovaSeq	NA	7.5	LS4339050	264426550	LS4339050_SQ11654	NA	RNA 1A	NA
CNH_I_SQ11655	NA	rRNA depletion|globin depletion	NA	paired-end|untargeted	Watchmaker ribosomal and globin depletion	2022-12-02	NA	NA	paired-end	NA	150	NA	NovaSeq	NA	8.3	LS4339051	213070843	LS4339051_SQ11655	NA	RNA 1A	NA
CNH_I_SQ11656	NA	rRNA depletion|globin depletion	NA	paired-end|untargeted	Watchmaker ribosomal and globin depletion	2022-12-02	NA	NA	paired-end	NA	150	NA	NovaSeq	NA	7.7	LS4339052	223184933	LS4339052_SQ11656	NA	RNA 1A	NA
CNH_I_SQ11657	NA	rRNA depletion|globin depletion	NA	paired-end|untargeted	Watchmaker ribosomal and globin depletion	2022-12-02	NA	NA	paired-end	NA	150	NA	NovaSeq	NA	8.3	LS4339053	272178989	LS4339053_SQ11657	NA	RNA 1A	NA
CNH_I_SQ11658	NA	rRNA depletion|globin depletion	NA	paired-end|untargeted	Watchmaker ribosomal and globin depletion	2022-12-02	NA	NA	paired-end	NA	150	NA	NovaSeq	NA	8.3	LS4339054	247942182	LS4339054_SQ11658	NA	RNA 1A	NA
CNH_I_SQ11659	NA	rRNA depletion|globin depletion	NA	paired-end|untargeted	Watchmaker ribosomal and globin depletion	2022-12-02	NA	NA	paired-end	NA	150	NA	NovaSeq	NA	7.7	LS4339055	300688470	LS4339055_SQ11659	NA	RNA 1A	NA
CNH_I_SQ11660	NA	rRNA depletion|globin depletion	NA	paired-end|untargeted	Watchmaker ribosomal and globin depletion	2022-12-02	NA	NA	paired-end	NA	150	NA	NovaSeq	NA	8.1	LS4339056	229268117	LS4339056_SQ11660	NA	RNA 1A	NA
CNH_I_SQ11661	NA	rRNA depletion|globin depletion	NA	paired-end|untargeted	Watchmaker ribosomal and globin depletion	2022-12-02	NA	NA	paired-end	NA	150	NA	NovaSeq	NA	7.9	LS4339057	247818916	LS4339057_SQ11661	NA	RNA 1A	NA
CNH_I_SQ11662	NA	rRNA depletion|globin depletion	NA	paired-end|untargeted	Watchmaker ribosomal and globin depletion	2022-12-02	NA	NA	paired-end	NA	150	NA	NovaSeq	NA	8.5	LS4339058	196453601	LS4339058_SQ11662	NA	RNA 1A	NA
CNH_I_SQ11663	NA	rRNA depletion|globin depletion	NA	paired-end|untargeted	Watchmaker ribosomal and globin depletion	2022-12-02	NA	NA	paired-end	NA	150	NA	NovaSeq	NA	8.7	LS4339059	193702959	LS4339059_SQ11663	NA	RNA 1A	NA
CNH_I_SQ11664	NA	rRNA depletion|globin depletion	NA	paired-end|untargeted	Watchmaker ribosomal and globin depletion	2022-12-02	NA	NA	paired-end	NA	150	NA	NovaSeq	NA	8.2	LS4339060	236922607	LS4339060_SQ11664	NA	RNA 1A	NA
CNH_I_SQ11665	NA	rRNA depletion|globin depletion	NA	paired-end|untargeted	Watchmaker ribosomal and globin depletion	2022-12-02	NA	NA	paired-end	NA	150	NA	NovaSeq	NA	7.7	LS4339061	247506486	LS4339061_SQ11665	NA	RNA 1A	NA
CNH_I_SQ11666	NA	rRNA depletion|globin depletion	NA	paired-end|untargeted	Watchmaker ribosomal and globin depletion	2022-12-02	NA	NA	paired-end	NA	150	NA	NovaSeq	NA	7.5	LS4339062	229007526	LS4339062_SQ11666	NA	RNA 1A	NA
CNH_I_SQ11667	NA	rRNA depletion|globin depletion	NA	paired-end|untargeted	Watchmaker ribosomal and globin depletion	2022-12-02	NA	NA	paired-end	NA	150	NA	NovaSeq	NA	7.9	LS4339063	240438107	LS4339063_SQ11667	NA	RNA 1A	NA
CNH_I_SQ6037	NA	rRNA depletion|globin depletion	NA	paired-end|untargeted	Watchmaker ribosomal and globin depletion	2022-12-02	NA	NA	paired-end	NA	150	NA	NovaSeq	NA	7.1	LS4339064	126653789	LS4339064_SQ6037	NA	RNA 1B	NA
CNH_I_SQ11669	NA	rRNA depletion|globin depletion	NA	paired-end|untargeted	Watchmaker ribosomal and globin depletion	2022-12-02	NA	NA	paired-end	NA	150	NA	NovaSeq	NA	7.7	LS4339065	184968185	LS4339065_SQ11669	NA	RNA 1A	NA
CNH_I_SQ11670	NA	rRNA depletion|globin depletion	NA	paired-end|untargeted	Watchmaker ribosomal and globin depletion	2022-12-02	NA	NA	paired-end	NA	150	NA	NovaSeq	NA	8	LS4339066	241999678	LS4339066_SQ11670	NA	RNA 1A	NA
CNH_I_SQ11671	NA	rRNA depletion|globin depletion	NA	paired-end|untargeted	Watchmaker ribosomal and globin depletion	2022-12-02	NA	NA	paired-end	NA	150	NA	NovaSeq	NA	8.1	LS4339067	245090272	LS4339067_SQ11671	NA	RNA 1A	NA
CNH_I_SQ6055	NA	rRNA depletion|globin depletion	NA	paired-end|untargeted	Watchmaker ribosomal and globin depletion	2022-12-02	NA	NA	paired-end	NA	150	NA	NovaSeq	NA	8.2	LS4339068	189425267	LS4339068_SQ6055	NA	RNA 1B	NA
CNH_I_SQ6056	NA	rRNA depletion|globin depletion	NA	paired-end|untargeted	Watchmaker ribosomal and globin depletion	2022-12-02	NA	NA	paired-end	NA	150	NA	NovaSeq	NA	7.9	LS4339069	225516176	LS4339069_SQ6056	NA	RNA 1B	NA
CNH_I_SQ6057	NA	rRNA depletion|globin depletion	NA	paired-end|untargeted	Watchmaker ribosomal and globin depletion	2022-12-02	NA	NA	paired-end	NA	150	NA	NovaSeq	NA	7.2	LS4339070	166827191	LS4339070_SQ6057	NA	RNA 1B	NA
CNH_I_SQ6058	NA	rRNA depletion|globin depletion	NA	paired-end|untargeted	Watchmaker ribosomal and globin depletion	2022-12-02	NA	NA	paired-end	NA	150	NA	NovaSeq	NA	7.7	LS4339071	167649314	LS4339071_SQ6058	NA	RNA 1B	NA
CNH_I_SQ8342	NA	rRNA depletion|globin depletion	NA	paired-end|untargeted	Watchmaker ribosomal and globin depletion	2022-12-19	NA	NA	paired-end	NA	150	NA	NovaSeq	NA	7.7	LS4339072	200924349	LS4339072_SQ8342	NA	RNA 1C	NA
CNH_I_SQ8343	NA	rRNA depletion|globin depletion	NA	paired-end|untargeted	Watchmaker ribosomal and globin depletion	2022-12-19	NA	NA	paired-end	NA	150	NA	NovaSeq	NA	7.4	LS4339073	171709746	LS4339073_SQ8343	NA	RNA 1C	NA
CNH_I_SQ8344	NA	rRNA depletion|globin depletion	NA	paired-end|untargeted	Watchmaker ribosomal and globin depletion	2022-12-19	NA	NA	paired-end	NA	150	NA	NovaSeq	NA	7.1	LS4339074	238580288	LS4339074_SQ8344	NA	RNA 1C	NA
CNH_I_SQ8345	NA	rRNA depletion|globin depletion	NA	paired-end|untargeted	Watchmaker ribosomal and globin depletion	2022-12-19	NA	NA	paired-end	NA	150	NA	NovaSeq	NA	7.5	LS4339075	173092311	LS4339075_SQ8345	NA	RNA 1C	NA
CNH_I_SQ8346	NA	rRNA depletion|globin depletion	NA	paired-end|untargeted	Watchmaker ribosomal and globin depletion	2022-12-19	NA	NA	paired-end	NA	150	NA	NovaSeq	NA	7.1	LS4339076	152595508	LS4339076_SQ8346	NA	RNA 1C	NA
CNH_I_SQ8347	NA	rRNA depletion|globin depletion	NA	paired-end|untargeted	Watchmaker ribosomal and globin depletion	2022-12-19	NA	NA	paired-end	NA	150	NA	NovaSeq	NA	8.2	LS4339077	290623142	LS4339077_SQ8347	NA	RNA 1C	NA
CNH_I_SQ8348	NA	rRNA depletion|globin depletion	NA	paired-end|untargeted	Watchmaker ribosomal and globin depletion	2022-12-19	NA	NA	paired-end	NA	150	NA	NovaSeq	NA	8.4	LS4339078	164418410	LS4339078_SQ8348	NA	RNA 1C	NA
CNH_I_SQ8349	NA	rRNA depletion|globin depletion	NA	paired-end|untargeted	Watchmaker ribosomal and globin depletion	2022-12-19	NA	NA	paired-end	NA	150	NA	NovaSeq	NA	7.6	LS4339079	173104727	LS4339079_SQ8349	NA	RNA 1C	NA
CNH_I_SQ8350	NA	rRNA depletion|globin depletion	NA	paired-end|untargeted	Watchmaker ribosomal and globin depletion	2022-12-19	NA	NA	paired-end	NA	150	NA	NovaSeq	NA	8.3	LS4339080	244144518	LS4339080_SQ8350	NA	RNA 1C	NA
CNH_I_SQ8351	NA	rRNA depletion|globin depletion	NA	paired-end|untargeted	Watchmaker ribosomal and globin depletion	2022-12-19	NA	NA	paired-end	NA	150	NA	NovaSeq	NA	8.4	LS4339081	218040969	LS4339081_SQ8351	NA	RNA 1C	NA
CNH_I_SQ8352	NA	rRNA depletion|globin depletion	NA	paired-end|untargeted	Watchmaker ribosomal and globin depletion	2022-12-19	NA	NA	paired-end	NA	150	NA	NovaSeq	NA	8.4	LS4339082	160652623	LS4339082_SQ8352	NA	RNA 1C	NA
CNH_I_SQ8353	NA	rRNA depletion|globin depletion	NA	paired-end|untargeted	Watchmaker ribosomal and globin depletion	2022-12-19	NA	NA	paired-end	NA	150	NA	NovaSeq	NA	8.2	LS4339083	182911574	LS4339083_SQ8353	NA	RNA 1C	NA
CNH_I_SQ8354	NA	rRNA depletion|globin depletion	NA	paired-end|untargeted	Watchmaker ribosomal and globin depletion	2022-12-19	NA	NA	paired-end	NA	150	NA	NovaSeq	NA	8	LS4339084	260221606	LS4339084_SQ8354	NA	RNA 1C	NA
CNH_I_SQ8355	NA	rRNA depletion|globin depletion	NA	paired-end|untargeted	Watchmaker ribosomal and globin depletion	2022-12-19	NA	NA	paired-end	NA	150	NA	NovaSeq	NA	8.8	LS4339085	221017961	LS4339085_SQ8355	NA	RNA 1C	NA
CNH_I_SQ8356	NA	rRNA depletion|globin depletion	NA	paired-end|untargeted	Watchmaker ribosomal and globin depletion	2022-12-19	NA	NA	paired-end	NA	150	NA	NovaSeq	NA	8	LS4339086	216166170	LS4339086_SQ8356	NA	RNA 1C	NA
CNH_I_SQ8357	NA	rRNA depletion|globin depletion	NA	paired-end|untargeted	Watchmaker ribosomal and globin depletion	2022-12-19	NA	NA	paired-end	NA	150	NA	NovaSeq	NA	7.6	LS4339087	183322184	LS4339087_SQ8357	NA	RNA 1C	NA
CNH_I_SQ8358	NA	rRNA depletion|globin depletion	NA	paired-end|untargeted	Watchmaker ribosomal and globin depletion	2022-12-19	NA	NA	paired-end	NA	150	NA	NovaSeq	NA	8.1	LS4339088	212987771	LS4339088_SQ8358	NA	RNA 1C	NA
CNH_I_SQ8359	NA	rRNA depletion|globin depletion	NA	paired-end|untargeted	Watchmaker ribosomal and globin depletion	2022-12-19	NA	NA	paired-end	NA	150	NA	NovaSeq	NA	8.2	LS4339089	205738643	LS4339089_SQ8359	NA	RNA 1C	NA
CNH_I_SQ8360	NA	rRNA depletion|globin depletion	NA	paired-end|untargeted	Watchmaker ribosomal and globin depletion	2022-12-19	NA	NA	paired-end	NA	150	NA	NovaSeq	NA	8.5	LS4339090	293372778	LS4339090_SQ8360	NA	RNA 1C	NA
CNH_I_SQ8361	NA	rRNA depletion|globin depletion	NA	paired-end|untargeted	Watchmaker ribosomal and globin depletion	2022-12-19	NA	NA	paired-end	NA	150	NA	NovaSeq	NA	8.7	LS4339091	185552091	LS4339091_SQ8361	NA	RNA 1C	NA
CNH_I_SQ8362	NA	rRNA depletion|globin depletion	NA	paired-end|untargeted	Watchmaker ribosomal and globin depletion	2022-12-19	NA	NA	paired-end	NA	150	NA	NovaSeq	NA	8.1	LS4339092	163225943	LS4339092_SQ8362	NA	RNA 1C	NA
CNH_I_SQ8363	NA	rRNA depletion|globin depletion	NA	paired-end|untargeted	Watchmaker ribosomal and globin depletion	2022-12-19	NA	NA	paired-end	NA	150	NA	NovaSeq	NA	8.4	LS4339093	144528838	LS4339093_SQ8363	NA	RNA 1C	NA
CNH_I_SQ9314	NA	rRNA depletion|globin depletion	NA	paired-end|untargeted	Watchmaker ribosomal and globin depletion	2023-01-24	NA	NA	paired-end	NA	150	NA	NovaSeq	NA	9	LS4339094	72347670	LS4339094_SQ9314	NA	RNA 1D	NA
CNH_I_SQ6059	NA	rRNA depletion|globin depletion	NA	paired-end|untargeted	Watchmaker ribosomal and globin depletion	2022-12-02	NA	NA	paired-end	NA	150	NA	NovaSeq	NA	7.5	LS4339095	110064680	LS4339095_SQ6059	NA	RNA 1B	NA
CNH_I_SQ8365	NA	rRNA depletion|globin depletion	NA	paired-end|untargeted	Watchmaker ribosomal and globin depletion	2022-12-19	NA	NA	paired-end	NA	150	NA	NovaSeq	NA	8.1	LS4339096	158384293	LS4339096_SQ8365	NA	RNA 1C	NA
CNH_I_SQ8366	NA	rRNA depletion|globin depletion	NA	paired-end|untargeted	Watchmaker ribosomal and globin depletion	2022-12-19	NA	NA	paired-end	NA	150	NA	NovaSeq	NA	7.8	LS4339097	204325153	LS4339097_SQ8366	NA	RNA 1C	NA
CNH_I_SQ8367	NA	rRNA depletion|globin depletion	NA	paired-end|untargeted	Watchmaker ribosomal and globin depletion	2022-12-19	NA	NA	paired-end	NA	150	NA	NovaSeq	NA	8.6	LS4339098	238347072	LS4339098_SQ8367	NA	RNA 1C	NA
CNH_I_SQ8368	NA	rRNA depletion|globin depletion	NA	paired-end|untargeted	Watchmaker ribosomal and globin depletion	2022-12-19	NA	NA	paired-end	NA	150	NA	NovaSeq	NA	8.3	LS4339099	223477747	LS4339099_SQ8368	NA	RNA 1C	NA
CNH_I_SQ8369	NA	rRNA depletion|globin depletion	NA	paired-end|untargeted	Watchmaker ribosomal and globin depletion	2022-12-19	NA	NA	paired-end	NA	150	NA	NovaSeq	NA	8.8	LS4339100	168092693	LS4339100_SQ8369	NA	RNA 1C	NA
CNH_I_SQ8370	NA	rRNA depletion|globin depletion	NA	paired-end|untargeted	Watchmaker ribosomal and globin depletion	2022-12-19	NA	NA	paired-end	NA	150	NA	NovaSeq	NA	8	LS4339101	153079765	LS4339101_SQ8370	NA	RNA 1C	NA
CNH_I_SQ8371	NA	rRNA depletion|globin depletion	NA	paired-end|untargeted	Watchmaker ribosomal and globin depletion	2022-12-19	NA	NA	paired-end	NA	150	NA	NovaSeq	NA	8.5	LS4339102	142993993	LS4339102_SQ8371	NA	RNA 1C	NA
CNH_I_SQ8372	NA	rRNA depletion|globin depletion	NA	paired-end|untargeted	Watchmaker ribosomal and globin depletion	2022-12-19	NA	NA	paired-end	NA	150	NA	NovaSeq	NA	8.5	LS4339103	161452940	LS4339103_SQ8372	NA	RNA 1C	NA
CNH_I_SQ8373	NA	rRNA depletion|globin depletion	NA	paired-end|untargeted	Watchmaker ribosomal and globin depletion	2022-12-19	NA	NA	paired-end	NA	150	NA	NovaSeq	NA	8.3	LS4339104	225454669	LS4339104_SQ8373	NA	RNA 1C	NA
CNH_I_SQ8374	NA	rRNA depletion|globin depletion	NA	paired-end|untargeted	Watchmaker ribosomal and globin depletion	2022-12-19	NA	NA	paired-end	NA	150	NA	NovaSeq	NA	8.1	LS4339105	214717841	LS4339105_SQ8374	NA	RNA 1C	NA
CNH_I_SQ8375	NA	rRNA depletion|globin depletion	NA	paired-end|untargeted	Watchmaker ribosomal and globin depletion	2022-12-19	NA	NA	paired-end	NA	150	NA	NovaSeq	NA	8.3	LS4339106	147264274	LS4339106_SQ8375	NA	RNA 1C	NA
CNH_I_SQ8376	NA	rRNA depletion|globin depletion	NA	paired-end|untargeted	Watchmaker ribosomal and globin depletion	2022-12-19	NA	NA	paired-end	NA	150	NA	NovaSeq	NA	8.1	LS4339107	213068457	LS4339107_SQ8376	NA	RNA 1C	NA
CNH_I_SQ8377	NA	rRNA depletion|globin depletion	NA	paired-end|untargeted	Watchmaker ribosomal and globin depletion	2022-12-19	NA	NA	paired-end	NA	150	NA	NovaSeq	NA	7.5	LS4339108	162325718	LS4339108_SQ8377	NA	RNA 1C	NA
CNH_I_SQ8378	NA	rRNA depletion|globin depletion	NA	paired-end|untargeted	Watchmaker ribosomal and globin depletion	2022-12-19	NA	NA	paired-end	NA	150	NA	NovaSeq	NA	7.2	LS4339109	155136775	LS4339109_SQ8378	NA	RNA 1C	NA
CNH_I_SQ8379	NA	rRNA depletion|globin depletion	NA	paired-end|untargeted	Watchmaker ribosomal and globin depletion	2022-12-19	NA	NA	paired-end	NA	150	NA	NovaSeq	NA	7.4	LS4339110	139845873	LS4339110_SQ8379	NA	RNA 1C	NA
CNH_I_SQ8380	NA	rRNA depletion|globin depletion	NA	paired-end|untargeted	Watchmaker ribosomal and globin depletion	2022-12-19	NA	NA	paired-end	NA	150	NA	NovaSeq	NA	8.4	LS4339111	175598692	LS4339111_SQ8380	NA	RNA 1C	NA
CNH_I_SQ8381	NA	rRNA depletion|globin depletion	NA	paired-end|untargeted	Watchmaker ribosomal and globin depletion	2022-12-19	NA	NA	paired-end	NA	150	NA	NovaSeq	NA	7.7	LS4339112	129636893	LS4339112_SQ8381	NA	RNA 1C	NA
CNH_I_SQ8382	NA	rRNA depletion|globin depletion	NA	paired-end|untargeted	Watchmaker ribosomal and globin depletion	2022-12-19	NA	NA	paired-end	NA	150	NA	NovaSeq	NA	7.5	LS4339113	199672984	LS4339113_SQ8382	NA	RNA 1C	NA
CNH_I_SQ8384	NA	rRNA depletion|globin depletion	NA	paired-end|untargeted	Watchmaker ribosomal and globin depletion	2022-12-19	NA	NA	paired-end	NA	150	NA	NovaSeq	NA	8.2	LS4339115	102997026	LS4339115_SQ8384	NA	RNA 1C	NA
CNH_I_SQ9315	NA	rRNA depletion|globin depletion	NA	paired-end|untargeted	Watchmaker ribosomal and globin depletion	2023-01-24	NA	NA	paired-end	NA	150	NA	NovaSeq	NA	3.7	LS4339114	82783401	LS4339114_SQ9315	NA	RNA 1D	NA
CNH_I_SQ9316	NA	rRNA depletion|globin depletion	NA	paired-end|untargeted	Watchmaker ribosomal and globin depletion	2023-01-24	NA	NA	paired-end	NA	150	NA	NovaSeq	NA	8.2	LS4339115	159847486	LS4339115_SQ9316	NA	RNA 1D	NA
CNH_I_SQ8385	NA	rRNA depletion|globin depletion	NA	paired-end|untargeted	Watchmaker ribosomal and globin depletion	2022-12-19	NA	NA	paired-end	NA	150	NA	NovaSeq	NA	8.1	LS4339116	149942833	LS4339116_SQ8385	NA	RNA 1C	NA
CNH_I_SQ8386	NA	rRNA depletion|globin depletion	NA	paired-end|untargeted	Watchmaker ribosomal and globin depletion	2022-12-19	NA	NA	paired-end	NA	150	NA	NovaSeq	NA	8.6	LS4339117	169867677	LS4339117_SQ8386	NA	RNA 1C	NA
CNH_I_SQ9302	NA	rRNA depletion|globin depletion	NA	paired-end|untargeted	Watchmaker ribosomal and globin depletion	2023-01-24	NA	NA	paired-end	NA	150	NA	NovaSeq	NA	8.4	LS4339118	242756051	LS4339118_SQ9302	NA	RNA 1D	NA
CNH_I_SQ9303	NA	rRNA depletion|globin depletion	NA	paired-end|untargeted	Watchmaker ribosomal and globin depletion	2023-01-24	NA	NA	paired-end	NA	150	NA	NovaSeq	NA	8	LS4339119	208487333	LS4339119_SQ9303	NA	RNA 1D	NA
CNH_I_SQ11672	NA	rRNA depletion|globin depletion	NA	paired-end|untargeted	Watchmaker ribosomal and globin depletion	2022-12-02	NA	NA	paired-end	NA	150	NA	NovaSeq	NA	7.7	LS4339120	254341740	LS4339120_SQ11672	NA	RNA 1A	NA
CNH_I_SQ6038	NA	rRNA depletion|globin depletion	NA	paired-end|untargeted	Watchmaker ribosomal and globin depletion	2022-12-02	NA	NA	paired-end	NA	150	NA	NovaSeq	NA	8.2	LS4339121	170146195	LS4339121_SQ6038	NA	RNA 1B	NA
CNH_I_SQ6039	NA	rRNA depletion|globin depletion	NA	paired-end|untargeted	Watchmaker ribosomal and globin depletion	2022-12-02	NA	NA	paired-end	NA	150	NA	NovaSeq	NA	8	LS4339122	174038731	LS4339122_SQ6039	NA	RNA 1B	NA
CNH_I_SQ6040	NA	rRNA depletion|globin depletion	NA	paired-end|untargeted	Watchmaker ribosomal and globin depletion	2022-12-02	NA	NA	paired-end	NA	150	NA	NovaSeq	NA	7.7	LS4339123	174209899	LS4339123_SQ6040	NA	RNA 1B	NA
CNH_I_SQ6041	NA	rRNA depletion|globin depletion	NA	paired-end|untargeted	Watchmaker ribosomal and globin depletion	2022-12-02	NA	NA	paired-end	NA	150	NA	NovaSeq	NA	7.6	LS4339124	140406628	LS4339124_SQ6041	NA	RNA 1B	NA
CNH_I_SQ6042	NA	rRNA depletion|globin depletion	NA	paired-end|untargeted	Watchmaker ribosomal and globin depletion	2022-12-02	NA	NA	paired-end	NA	150	NA	NovaSeq	NA	6.8	LS4339125	149271105	LS4339125_SQ6042	NA	RNA 1B	NA
CNH_I_SQ6043	NA	rRNA depletion|globin depletion	NA	paired-end|untargeted	Watchmaker ribosomal and globin depletion	2022-12-02	NA	NA	paired-end	NA	150	NA	NovaSeq	NA	6.8	LS4339126	195376515	LS4339126_SQ6043	NA	RNA 1B	NA
CNH_I_SQ6044	NA	rRNA depletion|globin depletion	NA	paired-end|untargeted	Watchmaker ribosomal and globin depletion	2022-12-02	NA	NA	paired-end	NA	150	NA	NovaSeq	NA	7.3	LS4339127	199100067	LS4339127_SQ6044	NA	RNA 1B	NA
CNH_I_SQ6045	NA	rRNA depletion|globin depletion	NA	paired-end|untargeted	Watchmaker ribosomal and globin depletion	2022-12-02	NA	NA	paired-end	NA	150	NA	NovaSeq	NA	7.6	LS4339128	264418735	LS4339128_SQ6045	NA	RNA 1B	NA
CNH_I_SQ6046	NA	rRNA depletion|globin depletion	NA	paired-end|untargeted	Watchmaker ribosomal and globin depletion	2022-12-02	NA	NA	paired-end	NA	150	NA	NovaSeq	NA	6.7	LS4339129	196045757	LS4339129_SQ6046	NA	RNA 1B	NA
CNH_I_SQ6047	NA	rRNA depletion|globin depletion	NA	paired-end|untargeted	Watchmaker ribosomal and globin depletion	2022-12-02	NA	NA	paired-end	NA	150	NA	NovaSeq	NA	8	LS4339130	180134511	LS4339130_SQ6047	NA	RNA 1B	NA
CNH_I_SQ6048	NA	rRNA depletion|globin depletion	NA	paired-end|untargeted	Watchmaker ribosomal and globin depletion	2022-12-02	NA	NA	paired-end	NA	150	NA	NovaSeq	NA	7.7	LS4339131	157984581	LS4339131_SQ6048	NA	RNA 1B	NA
CNH_I_SQ6049	NA	rRNA depletion|globin depletion	NA	paired-end|untargeted	Watchmaker ribosomal and globin depletion	2022-12-02	NA	NA	paired-end	NA	150	NA	NovaSeq	NA	8.2	LS4339132	154177046	LS4339132_SQ6049	NA	RNA 1B	NA
CNH_I_SQ6050	NA	rRNA depletion|globin depletion	NA	paired-end|untargeted	Watchmaker ribosomal and globin depletion	2022-12-02	NA	NA	paired-end	NA	150	NA	NovaSeq	NA	5.3	LS4339133	164546564	LS4339133_SQ6050	NA	RNA 1B	NA
CNH_I_SQ6051	NA	rRNA depletion|globin depletion	NA	paired-end|untargeted	Watchmaker ribosomal and globin depletion	2022-12-02	NA	NA	paired-end	NA	150	NA	NovaSeq	NA	8.1	LS4339134	162479762	LS4339134_SQ6051	NA	RNA 1B	NA
CNH_I_SQ6052	NA	rRNA depletion|globin depletion	NA	paired-end|untargeted	Watchmaker ribosomal and globin depletion	2022-12-02	NA	NA	paired-end	NA	150	NA	NovaSeq	NA	7.6	LS4339135	188671844	LS4339135_SQ6052	NA	RNA 1B	NA
CNH_I_SQ9304	NA	rRNA depletion|globin depletion	NA	paired-end|untargeted	Watchmaker ribosomal and globin depletion	2023-01-24	NA	NA	paired-end	NA	150	NA	NovaSeq	NA	7.5	LS4339136	183094665	LS4339136_SQ9304	NA	RNA 1D	NA
CNH_I_SQ9305	NA	rRNA depletion|globin depletion	NA	paired-end|untargeted	Watchmaker ribosomal and globin depletion	2023-01-24	NA	NA	paired-end	NA	150	NA	NovaSeq	NA	7.2	LS4339137	158809760	LS4339137_SQ9305	NA	RNA 1D	NA
CNH_I_SQ9306	NA	rRNA depletion|globin depletion	NA	paired-end|untargeted	Watchmaker ribosomal and globin depletion	2023-01-24	NA	NA	paired-end	NA	150	NA	NovaSeq	NA	7.8	LS4339138	188873373	LS4339138_SQ9306	NA	RNA 1D	NA
CNH_I_SQ9307	NA	rRNA depletion|globin depletion	NA	paired-end|untargeted	Watchmaker ribosomal and globin depletion	2023-01-24	NA	NA	paired-end	NA	150	NA	NovaSeq	NA	8.2	LS4339139	212508278	LS4339139_SQ9307	NA	RNA 1D	NA
CNH_I_SQ9308	NA	rRNA depletion|globin depletion	NA	paired-end|untargeted	Watchmaker ribosomal and globin depletion	2023-01-24	NA	NA	paired-end	NA	150	NA	NovaSeq	NA	8.3	LS4339140	193317075	LS4339140_SQ9308	NA	RNA 1D	NA
CNH_I_SQ9309	NA	rRNA depletion|globin depletion	NA	paired-end|untargeted	Watchmaker ribosomal and globin depletion	2023-01-24	NA	NA	paired-end	NA	150	NA	NovaSeq	NA	7.6	LS4339141	223604827	LS4339141_SQ9309	NA	RNA 1D	NA
CNH_I_SQ9310	NA	rRNA depletion|globin depletion	NA	paired-end|untargeted	Watchmaker ribosomal and globin depletion	2023-01-24	NA	NA	paired-end	NA	150	NA	NovaSeq	NA	8	LS4339142	223921419	LS4339142_SQ9310	NA	RNA 1D	NA
CNH_I_SQ9311	NA	rRNA depletion|globin depletion	NA	paired-end|untargeted	Watchmaker ribosomal and globin depletion	2023-01-24	NA	NA	paired-end	NA	150	NA	NovaSeq	NA	8.3	LS4339143	176893089	LS4339143_SQ9311	NA	RNA 1D	NA
CNH_I_SQ11673	NA	rRNA depletion|globin depletion	NA	paired-end|untargeted	Watchmaker ribosomal and globin depletion	2022-12-02	NA	NA	paired-end	NA	150	NA	NovaSeq	NA	8.1	LS4092800	207137198	LS4092800_SQ11673	NA	RNA 1A	NA
CNH_I_SQ11674	NA	rRNA depletion|globin depletion	NA	paired-end|untargeted	Watchmaker ribosomal and globin depletion	2022-12-02	NA	NA	paired-end	NA	150	NA	NovaSeq	NA	7.7	LS4092801	220421175	LS4092801_SQ11674	NA	RNA 1A	NA
CNH_I_SQ11940	NA	rRNA depletion|globin depletion	NA	paired-end|untargeted	Watchmaker ribosomal and globin depletion	2023-03-18	NA	NA	paired-end	NA	150	NA	NovaSeq	NA	8.7	LS4716281	190828724	LS4716281_SQ11940	NA	RNA 2A	NA
CNH_I_SQ11941	NA	rRNA depletion|globin depletion	NA	paired-end|untargeted	Watchmaker ribosomal and globin depletion	2023-03-18	NA	NA	paired-end	NA	150	NA	NovaSeq	NA	8.4	LS4716282	251457303	LS4716282_SQ11941	NA	RNA 2A	NA
CNH_I_SQ11942	NA	rRNA depletion|globin depletion	NA	paired-end|untargeted	Watchmaker ribosomal and globin depletion	2023-03-18	NA	NA	paired-end	NA	150	NA	NovaSeq	NA	8.1	LS4716283	182053439	LS4716283_SQ11942	NA	RNA 2A	NA
CNH_I_SQ11943	NA	rRNA depletion|globin depletion	NA	paired-end|untargeted	Watchmaker ribosomal and globin depletion	2023-03-18	NA	NA	paired-end	NA	150	NA	NovaSeq	NA	8.7	LS4716284	195295317	LS4716284_SQ11943	NA	RNA 2A	NA
CNH_I_SQ11944	NA	rRNA depletion|globin depletion	NA	paired-end|untargeted	Watchmaker ribosomal and globin depletion	2023-03-18	NA	NA	paired-end	NA	150	NA	NovaSeq	NA	8.9	LS4716285	174348647	LS4716285_SQ11944	NA	RNA 2A	NA
CNH_I_SQ11945	NA	rRNA depletion|globin depletion	NA	paired-end|untargeted	Watchmaker ribosomal and globin depletion	2023-03-18	NA	NA	paired-end	NA	150	NA	NovaSeq	NA	8.7	LS4716286	172463912	LS4716286_SQ11945	NA	RNA 2A	NA
CNH_I_SQ11946	NA	rRNA depletion|globin depletion	NA	paired-end|untargeted	Watchmaker ribosomal and globin depletion	2023-03-18	NA	NA	paired-end	NA	150	NA	NovaSeq	NA	8	LS4716287	245634066	LS4716287_SQ11946	NA	RNA 2A	NA
CNH_I_SQ11947	NA	rRNA depletion|globin depletion	NA	paired-end|untargeted	Watchmaker ribosomal and globin depletion	2023-03-18	NA	NA	paired-end	NA	150	NA	NovaSeq	NA	8	LS4716288	280114735	LS4716288_SQ11947	NA	RNA 2A	NA
CNH_I_SQ11948	NA	rRNA depletion|globin depletion	NA	paired-end|untargeted	Watchmaker ribosomal and globin depletion	2023-03-18	NA	NA	paired-end	NA	150	NA	NovaSeq	NA	8.6	LS4716289	198575050	LS4716289_SQ11948	NA	RNA 2A	NA
CNH_I_SQ11949	NA	rRNA depletion|globin depletion	NA	paired-end|untargeted	Watchmaker ribosomal and globin depletion	2023-03-18	NA	NA	paired-end	NA	150	NA	NovaSeq	NA	8	LS4716290	213555108	LS4716290_SQ11949	NA	RNA 2A	NA
CNH_I_SQ11950	NA	rRNA depletion|globin depletion	NA	paired-end|untargeted	Watchmaker ribosomal and globin depletion	2023-03-18	NA	NA	paired-end	NA	150	NA	NovaSeq	NA	7.9	LS4716291	179501258	LS4716291_SQ11950	NA	RNA 2A	NA
CNH_I_SQ11951	NA	rRNA depletion|globin depletion	NA	paired-end|untargeted	Watchmaker ribosomal and globin depletion	2023-03-18	NA	NA	paired-end	NA	150	NA	NovaSeq	NA	8.4	LS4716292	152786944	LS4716292_SQ11951	NA	RNA 2A	NA
CNH_I_SQ11952	NA	rRNA depletion|globin depletion	NA	paired-end|untargeted	Watchmaker ribosomal and globin depletion	2023-03-18	NA	NA	paired-end	NA	150	NA	NovaSeq	NA	8.5	LS4716293	145169982	LS4716293_SQ11952	NA	RNA 2A	NA
CNH_I_SQ11953	NA	rRNA depletion|globin depletion	NA	paired-end|untargeted	Watchmaker ribosomal and globin depletion	2023-03-18	NA	NA	paired-end	NA	150	NA	NovaSeq	NA	7.5	LS4716294	203089221	LS4716294_SQ11953	NA	RNA 2A	NA
CNH_I_SQ11954	NA	rRNA depletion|globin depletion	NA	paired-end|untargeted	Watchmaker ribosomal and globin depletion	2023-03-18	NA	NA	paired-end	NA	150	NA	NovaSeq	NA	8.7	LS4716295	208838777	LS4716295_SQ11954	NA	RNA 2A	NA
CNH_I_SQ11955	NA	rRNA depletion|globin depletion	NA	paired-end|untargeted	Watchmaker ribosomal and globin depletion	2023-03-18	NA	NA	paired-end	NA	150	NA	NovaSeq	NA	7.7	LS4716296	181091240	LS4716296_SQ11955	NA	RNA 2A	NA
CNH_I_SQ11956	NA	rRNA depletion|globin depletion	NA	paired-end|untargeted	Watchmaker ribosomal and globin depletion	2023-03-18	NA	NA	paired-end	NA	150	NA	NovaSeq	NA	8	LS4716297	211216049	LS4716297_SQ11956	NA	RNA 2A	NA
CNH_I_SQ11957	NA	rRNA depletion|globin depletion	NA	paired-end|untargeted	Watchmaker ribosomal and globin depletion	2023-03-18	NA	NA	paired-end	NA	150	NA	NovaSeq	NA	8.5	LS4716298	203844917	LS4716298_SQ11957	NA	RNA 2A	NA
CNH_I_SQ11958	NA	rRNA depletion|globin depletion	NA	paired-end|untargeted	Watchmaker ribosomal and globin depletion	2023-03-18	NA	NA	paired-end	NA	150	NA	NovaSeq	NA	8.3	LS4716299	187985789	LS4716299_SQ11958	NA	RNA 2A	NA
CNH_I_SQ11959	NA	rRNA depletion|globin depletion	NA	paired-end|untargeted	Watchmaker ribosomal and globin depletion	2023-03-18	NA	NA	paired-end	NA	150	NA	NovaSeq	NA	8	LS4716300	161885792	LS4716300_SQ11959	NA	RNA 2A	NA
CNH_I_SQ11960	NA	rRNA depletion|globin depletion	NA	paired-end|untargeted	Watchmaker ribosomal and globin depletion	2023-03-18	NA	NA	paired-end	NA	150	NA	NovaSeq	NA	8.3	LS4716301	145151855	LS4716301_SQ11960	NA	RNA 2A	NA
CNH_I_SQ11961	NA	rRNA depletion|globin depletion	NA	paired-end|untargeted	Watchmaker ribosomal and globin depletion	2023-03-18	NA	NA	paired-end	NA	150	NA	NovaSeq	NA	8.2	LS4716302	142349215	LS4716302_SQ11961	NA	RNA 2A	NA
CNH_I_SQ11962	NA	rRNA depletion|globin depletion	NA	paired-end|untargeted	Watchmaker ribosomal and globin depletion	2023-03-18	NA	NA	paired-end	NA	150	NA	NovaSeq	NA	8.2	LS4716303	163985417	LS4716303_SQ11962	NA	RNA 2A	NA
CNH_I_SQ11963	NA	rRNA depletion|globin depletion	NA	paired-end|untargeted	Watchmaker ribosomal and globin depletion	2023-03-18	NA	NA	paired-end	NA	150	NA	NovaSeq	NA	8.3	LS4716304	204691390	LS4716304_SQ11963	NA	RNA 2A	NA
CNH_I_SQ11964	NA	rRNA depletion|globin depletion	NA	paired-end|untargeted	Watchmaker ribosomal and globin depletion	2023-03-18	NA	NA	paired-end	NA	150	NA	NovaSeq	NA	7.7	LS4716305	185691324	LS4716305_SQ11964	NA	RNA 2A	NA
CNH_I_SQ11965	NA	rRNA depletion|globin depletion	NA	paired-end|untargeted	Watchmaker ribosomal and globin depletion	2023-03-18	NA	NA	paired-end	NA	150	NA	NovaSeq	NA	7.9	LS4716306	206219642	LS4716306_SQ11965	NA	RNA 2A	NA
CNH_I_SQ11966	NA	rRNA depletion|globin depletion	NA	paired-end|untargeted	Watchmaker ribosomal and globin depletion	2023-03-18	NA	NA	paired-end	NA	150	NA	NovaSeq	NA	7.1	LS4716307	176550240	LS4716307_SQ11966	NA	RNA 2A	NA
CNH_I_SQ11967	NA	rRNA depletion|globin depletion	NA	paired-end|untargeted	Watchmaker ribosomal and globin depletion	2023-03-18	NA	NA	paired-end	NA	150	NA	NovaSeq	NA	7.5	LS4716308	212216097	LS4716308_SQ11967	NA	RNA 2A	NA
CNH_I_SQ11968	NA	rRNA depletion|globin depletion	NA	paired-end|untargeted	Watchmaker ribosomal and globin depletion	2023-03-18	NA	NA	paired-end	NA	150	NA	NovaSeq	NA	7.5	LS4716309	175741517	LS4716309_SQ11968	NA	RNA 2A	NA
CNH_I_SQ11969	NA	rRNA depletion|globin depletion	NA	paired-end|untargeted	Watchmaker ribosomal and globin depletion	2023-03-18	NA	NA	paired-end	NA	150	NA	NovaSeq	NA	8.1	LS4716310	173457337	LS4716310_SQ11969	NA	RNA 2A	NA
CNH_I_SQ11970	NA	rRNA depletion|globin depletion	NA	paired-end|untargeted	Watchmaker ribosomal and globin depletion	2023-03-18	NA	NA	paired-end	NA	150	NA	NovaSeq	NA	8.2	LS4716311	156332338	LS4716311_SQ11970	NA	RNA 2A	NA
CNH_I_SQ11971	NA	rRNA depletion|globin depletion	NA	paired-end|untargeted	Watchmaker ribosomal and globin depletion	2023-03-18	NA	NA	paired-end	NA	150	NA	NovaSeq	NA	7.4	LS4716312	240349679	LS4716312_SQ11971	NA	RNA 2A	NA
CNH_I_SQ11972	NA	rRNA depletion|globin depletion	NA	paired-end|untargeted	Watchmaker ribosomal and globin depletion	2023-03-18	NA	NA	paired-end	NA	150	NA	NovaSeq	NA	8.4	LS4716313	215147071	LS4716313_SQ11972	NA	RNA 2A	NA
CNH_I_SQ11973	NA	rRNA depletion|globin depletion	NA	paired-end|untargeted	Watchmaker ribosomal and globin depletion	2023-03-18	NA	NA	paired-end	NA	150	NA	NovaSeq	NA	8.2	LS4716314	202758916	LS4716314_SQ11973	NA	RNA 2A	NA
CNH_I_SQ11975	NA	rRNA depletion|globin depletion	NA	paired-end|untargeted	Watchmaker ribosomal and globin depletion	2023-03-18	NA	NA	paired-end	NA	150	NA	NovaSeq	NA	8.3	LS4716315	192401050	LS4716315_SQ11975	NA	RNA 2A	NA
CNH_I_SQ11976	NA	rRNA depletion|globin depletion	NA	paired-end|untargeted	Watchmaker ribosomal and globin depletion	2023-03-18	NA	NA	paired-end	NA	150	NA	NovaSeq	NA	7.2	LS4716316	184602809	LS4716316_SQ11976	NA	RNA 2A	NA
CNH_I_SQ11977	NA	rRNA depletion|globin depletion	NA	paired-end|untargeted	Watchmaker ribosomal and globin depletion	2023-03-18	NA	NA	paired-end	NA	150	NA	NovaSeq	NA	7.1	LS4716317	183602464	LS4716317_SQ11977	NA	RNA 2A	NA
CNH_I_SQ11978	NA	rRNA depletion|globin depletion	NA	paired-end|untargeted	Watchmaker ribosomal and globin depletion	2023-03-18	NA	NA	paired-end	NA	150	NA	NovaSeq	NA	8.3	LS4716318	194238435	LS4716318_SQ11978	NA	RNA 2A	NA
CNH_I_SQ11979	NA	rRNA depletion|globin depletion	NA	paired-end|untargeted	Watchmaker ribosomal and globin depletion	2023-03-18	NA	NA	paired-end	NA	150	NA	NovaSeq	NA	8.3	LS4716319	199194542	LS4716319_SQ11979	NA	RNA 2A	NA
CNH_I_SQ11980	NA	rRNA depletion|globin depletion	NA	paired-end|untargeted	Watchmaker ribosomal and globin depletion	2023-03-18	NA	NA	paired-end	NA	150	NA	NovaSeq	NA	7	LS4716320	162335656	LS4716320_SQ11980	NA	RNA 2A	NA
CNH_I_SQ11981	NA	rRNA depletion|globin depletion	NA	paired-end|untargeted	Watchmaker ribosomal and globin depletion	2023-03-18	NA	NA	paired-end	NA	150	NA	NovaSeq	NA	7.1	LS4716321	212068517	LS4716321_SQ11981	NA	RNA 2A	NA
CNH_I_SQ11982	NA	rRNA depletion|globin depletion	NA	paired-end|untargeted	Watchmaker ribosomal and globin depletion	2023-03-18	NA	NA	paired-end	NA	150	NA	NovaSeq	NA	8.3	LS4716322	130372930	LS4716322_SQ11982	NA	RNA 2A	NA
CNH_I_SQ11983	NA	rRNA depletion|globin depletion	NA	paired-end|untargeted	Watchmaker ribosomal and globin depletion	2023-03-18	NA	NA	paired-end	NA	150	NA	NovaSeq	NA	7.6	LS4716323	158586338	LS4716323_SQ11983	NA	RNA 2A	NA
CNH_I_SQ11984	NA	rRNA depletion|globin depletion	NA	paired-end|untargeted	Watchmaker ribosomal and globin depletion	2023-03-18	NA	NA	paired-end	NA	150	NA	NovaSeq	NA	8.3	LS4716324	194422189	LS4716324_SQ11984	NA	RNA 2A	NA
CNH_I_SQ11985	NA	rRNA depletion|globin depletion	NA	paired-end|untargeted	Watchmaker ribosomal and globin depletion	2023-03-18	NA	NA	paired-end	NA	150	NA	NovaSeq	NA	7.3	LS4716325	163007989	LS4716325_SQ11985	NA	RNA 2A	NA
CNH_I_SQ11986	NA	rRNA depletion|globin depletion	NA	paired-end|untargeted	Watchmaker ribosomal and globin depletion	2023-03-18	NA	NA	paired-end	NA	150	NA	NovaSeq	NA	7.7	LS4716326	204600523	LS4716326_SQ11986	NA	RNA 2A	NA
CNH_I_SQ11987	NA	rRNA depletion|globin depletion	NA	paired-end|untargeted	Watchmaker ribosomal and globin depletion	2023-03-18	NA	NA	paired-end	NA	150	NA	NovaSeq	NA	8.2	LS4716327	227750209	LS4716327_SQ11987	NA	RNA 2A	NA
CNH_I_SQ6053	NA	rRNA depletion|globin depletion	NA	paired-end|untargeted	Watchmaker ribosomal and globin depletion	2022-12-02	NA	NA	paired-end	NA	150	NA	NovaSeq	NA	7.5	LS4339062	191028619	LS4339062_SQ6053	NA	RNA 1B	NA
CNH_I_SQ6054	NA	rRNA depletion|globin depletion	NA	paired-end|untargeted	Watchmaker ribosomal and globin depletion	2022-12-02	NA	NA	paired-end	NA	150	NA	NovaSeq	NA	8.1	LS4339067	194386235	LS4339067_SQ6054	NA	RNA 1B	NA
CNH_I_SQ8387	NA	rRNA depletion|globin depletion	NA	paired-end|untargeted	Watchmaker ribosomal and globin depletion	2022-12-19	NA	NA	paired-end	NA	150	NA	NovaSeq	NA	7.5	LS4339062	158573113	LS4339062_SQ8387	NA	RNA 1C	NA
CNH_I_SQ8388	NA	rRNA depletion|globin depletion	NA	paired-end|untargeted	Watchmaker ribosomal and globin depletion	2022-12-19	NA	NA	paired-end	NA	150	NA	NovaSeq	NA	8.1	LS4339067	154714367	LS4339067_SQ8388	NA	RNA 1C	NA
CNH_I_SQ9312	NA	rRNA depletion|globin depletion	NA	paired-end|untargeted	Watchmaker ribosomal and globin depletion	2023-01-24	NA	NA	paired-end	NA	150	NA	NovaSeq	NA	7.5	LS4339062	163569527	LS4339062_SQ9312	NA	RNA 1D	NA
CNH_I_SQ9313	NA	rRNA depletion|globin depletion	NA	paired-end|untargeted	Watchmaker ribosomal and globin depletion	2023-01-24	NA	NA	paired-end	NA	150	NA	NovaSeq	NA	8.1	LS4339067	182591225	LS4339067_SQ9313	NA	RNA 1D	NA
CNH_I_UCI001-001_RNA	NA	rRNA depletion|globin depletion	NA	paired-end|untargeted	Watchmaker ribosomal and globin depletion	NA	NA	NA	paired-end	NA	150	NA	NovaSeq	NA	8.9	UCI001-001_RNA	174041595	CNH_I_UCI001-001_RNA	NA	SeqMatic-1	NA
CNH_I_UCI001-002_RNA	NA	rRNA depletion|globin depletion	NA	paired-end|untargeted	Watchmaker ribosomal and globin depletion	NA	NA	NA	paired-end	NA	150	NA	NovaSeq	NA	8.8	UCI001-002_RNA	176995430	CNH_I_UCI001-002_RNA	NA	SeqMatic-1	NA
CNH_I_UCI001-003_RNA	NA	rRNA depletion|globin depletion	NA	paired-end|untargeted	Watchmaker ribosomal and globin depletion	NA	NA	NA	paired-end	NA	150	NA	NovaSeq	NA	8.7	UCI001-003_RNA	164044487	CNH_I_UCI001-003_RNA	NA	SeqMatic-1	NA
CNH_I_UCI001-004_RNA	NA	rRNA depletion|globin depletion	NA	paired-end|untargeted	Watchmaker ribosomal and globin depletion	NA	NA	NA	paired-end	NA	150	NA	NovaSeq	NA	8.1	UCI001-004_RNA	169801156	CNH_I_UCI001-004_RNA	NA	SeqMatic-1	NA
CNH_I_UCI001-005_RNA	NA	rRNA depletion|globin depletion	NA	paired-end|untargeted	Watchmaker ribosomal and globin depletion	NA	NA	NA	paired-end	NA	150	NA	NovaSeq	NA	7.8	UCI001-005_RNA	171737349	CNH_I_UCI001-005_RNA	NA	SeqMatic-1	NA
CNH_I_UCI001-006_RNA	NA	rRNA depletion|globin depletion	NA	paired-end|untargeted	Watchmaker ribosomal and globin depletion	NA	NA	NA	paired-end	NA	150	NA	NovaSeq	NA	7.2	UCI001-006_RNA	146450552	CNH_I_UCI001-006_RNA	NA	SeqMatic-1	NA
CNH_I_UCI001-007_RNA	NA	rRNA depletion|globin depletion	NA	paired-end|untargeted	Watchmaker ribosomal and globin depletion	NA	NA	NA	paired-end	NA	150	NA	NovaSeq	NA	7.9	UCI001-007_RNA	175150945	CNH_I_UCI001-007_RNA	NA	SeqMatic-1	NA
CNH_I_UCI001-008_RNA	NA	rRNA depletion|globin depletion	NA	paired-end|untargeted	Watchmaker ribosomal and globin depletion	NA	NA	NA	paired-end	NA	150	NA	NovaSeq	NA	8.5	UCI001-008_RNA	162036657	CNH_I_UCI001-008_RNA	NA	SeqMatic-1	NA
CNH_I_UCI001-009_RNA	NA	rRNA depletion|globin depletion	NA	paired-end|untargeted	Watchmaker ribosomal and globin depletion	NA	NA	NA	paired-end	NA	150	NA	NovaSeq	NA	8.8	UCI001-009_RNA	124986170	CNH_I_UCI001-009_RNA	NA	SeqMatic-1	NA
CNH_I_UCI001-010_RNA	NA	rRNA depletion|globin depletion	NA	paired-end|untargeted	Watchmaker ribosomal and globin depletion	NA	NA	NA	paired-end	NA	150	NA	NovaSeq	NA	8.5	UCI001-010_RNA	170919710	CNH_I_UCI001-010_RNA	NA	SeqMatic-1	NA
CNH_I_UCI001-011_RNA	NA	rRNA depletion|globin depletion	NA	paired-end|untargeted	Watchmaker ribosomal and globin depletion	NA	NA	NA	paired-end	NA	150	NA	NovaSeq	NA	8.6	UCI001-011_RNA	168163432	CNH_I_UCI001-011_RNA	NA	SeqMatic-1	NA
CNH_I_UCI001-012_RNA	NA	rRNA depletion|globin depletion	NA	paired-end|untargeted	Watchmaker ribosomal and globin depletion	NA	NA	NA	paired-end	NA	150	NA	NovaSeq	NA	8.7	UCI001-012_RNA	146760933	CNH_I_UCI001-012_RNA	NA	SeqMatic-1	NA
CNH_I_UCI001-013_RNA	NA	rRNA depletion|globin depletion	NA	paired-end|untargeted	Watchmaker ribosomal and globin depletion	NA	NA	NA	paired-end	NA	150	NA	NovaSeq	NA	8.7	UCI001-013_RNA	182497077	CNH_I_UCI001-013_RNA	NA	SeqMatic-1	NA
CNH_I_UCI001-014_RNA	NA	rRNA depletion|globin depletion	NA	paired-end|untargeted	Watchmaker ribosomal and globin depletion	NA	NA	NA	paired-end	NA	150	NA	NovaSeq	NA	8.8	UCI001-014_RNA	152655037	CNH_I_UCI001-014_RNA	NA	SeqMatic-1	NA
CNH_I_UCI001-015_RNA	NA	rRNA depletion|globin depletion	NA	paired-end|untargeted	Watchmaker ribosomal and globin depletion	NA	NA	NA	paired-end	NA	150	NA	NovaSeq	NA	8.7	UCI001-015_RNA	173422669	CNH_I_UCI001-015_RNA	NA	SeqMatic-1	NA
CNH_I_UCI001-016_RNA	NA	rRNA depletion|globin depletion	NA	paired-end|untargeted	Watchmaker ribosomal and globin depletion	NA	NA	NA	paired-end	NA	150	NA	NovaSeq	NA	9	UCI001-016_RNA	151273614	CNH_I_UCI001-016_RNA	NA	SeqMatic-1	NA
CNH_I_UCI001-017_RNA	NA	rRNA depletion|globin depletion	NA	paired-end|untargeted	Watchmaker ribosomal and globin depletion	NA	NA	NA	paired-end	NA	150	NA	NovaSeq	NA	8.7	UCI001-017_RNA	198661604	CNH_I_UCI001-017_RNA	NA	SeqMatic-1	NA
CNH_I_UCI001-018_RNA	NA	rRNA depletion|globin depletion	NA	paired-end|untargeted	Watchmaker ribosomal and globin depletion	NA	NA	NA	paired-end	NA	150	NA	NovaSeq	NA	8.9	UCI001-018_RNA	147813778	CNH_I_UCI001-018_RNA	NA	SeqMatic-1	NA
CNH_I_UCI001-019_RNA	NA	rRNA depletion|globin depletion	NA	paired-end|untargeted	Watchmaker ribosomal and globin depletion	NA	NA	NA	paired-end	NA	150	NA	NovaSeq	NA	8.1	UCI001-019_RNA	180068812	CNH_I_UCI001-019_RNA	NA	SeqMatic-1	NA
CNH_I_UCI001-020_RNA	NA	rRNA depletion|globin depletion	NA	paired-end|untargeted	Watchmaker ribosomal and globin depletion	NA	NA	NA	paired-end	NA	150	NA	NovaSeq	NA	8.7	UCI001-020_RNA	176083258	CNH_I_UCI001-020_RNA	NA	SeqMatic-1	NA
CNH_I_UCI001-021_RNA	NA	rRNA depletion|globin depletion	NA	paired-end|untargeted	Watchmaker ribosomal and globin depletion	NA	NA	NA	paired-end	NA	150	NA	NovaSeq	NA	9.1	UCI001-021_RNA	184983219	CNH_I_UCI001-021_RNA	NA	SeqMatic-1	NA
CNH_I_UCI001-022_RNA	NA	rRNA depletion|globin depletion	NA	paired-end|untargeted	Watchmaker ribosomal and globin depletion	NA	NA	NA	paired-end	NA	150	NA	NovaSeq	NA	9.2	UCI001-022_RNA	157244991	CNH_I_UCI001-022_RNA	NA	SeqMatic-1	NA
CNH_I_UCI001-023_RNA	NA	rRNA depletion|globin depletion	NA	paired-end|untargeted	Watchmaker ribosomal and globin depletion	NA	NA	NA	paired-end	NA	150	NA	NovaSeq	NA	9.1	UCI001-023_RNA	172853701	CNH_I_UCI001-023_RNA	NA	SeqMatic-1	NA
CNH_I_UCI001-024_RNA	NA	rRNA depletion|globin depletion	NA	paired-end|untargeted	Watchmaker ribosomal and globin depletion	NA	NA	NA	paired-end	NA	150	NA	NovaSeq	NA	9.5	UCI001-024_RNA	197721475	CNH_I_UCI001-024_RNA	NA	SeqMatic-1	NA
CNH_I_UCI001-025_RNA	NA	rRNA depletion|globin depletion	NA	paired-end|untargeted	Watchmaker ribosomal and globin depletion	NA	NA	NA	paired-end	NA	150	NA	NovaSeq	NA	9	UCI001-025_RNA	156630029	CNH_I_UCI001-025_RNA	NA	SeqMatic-1	NA
CNH_I_UCI001-026_RNA	NA	rRNA depletion|globin depletion	NA	paired-end|untargeted	Watchmaker ribosomal and globin depletion	NA	NA	NA	paired-end	NA	150	NA	NovaSeq	NA	8.7	UCI001-026_RNA	248588789	CNH_I_UCI001-026_RNA	NA	SeqMatic-1	NA
CNH_I_UCI001-027_RNA	NA	rRNA depletion|globin depletion	NA	paired-end|untargeted	Watchmaker ribosomal and globin depletion	NA	NA	NA	paired-end	NA	150	NA	NovaSeq	NA	9.1	UCI001-027_RNA	129634139	CNH_I_UCI001-027_RNA	NA	SeqMatic-1	NA
CNH_I_UCI001-028_RNA	NA	rRNA depletion|globin depletion	NA	paired-end|untargeted	Watchmaker ribosomal and globin depletion	NA	NA	NA	paired-end	NA	150	NA	NovaSeq	NA	8.2	UCI001-028_RNA	161000527	CNH_I_UCI001-028_RNA	NA	SeqMatic-1	NA
CNH_I_UCI001-029_RNA	NA	rRNA depletion|globin depletion	NA	paired-end|untargeted	Watchmaker ribosomal and globin depletion	NA	NA	NA	paired-end	NA	150	NA	NovaSeq	NA	8.4	UCI001-029_RNA	148042309	CNH_I_UCI001-029_RNA	NA	SeqMatic-1	NA
CNH_I_UCI001-030_RNA	NA	rRNA depletion|globin depletion	NA	paired-end|untargeted	Watchmaker ribosomal and globin depletion	NA	NA	NA	paired-end	NA	150	NA	NovaSeq	NA	7.8	UCI001-030_RNA	157163799	CNH_I_UCI001-030_RNA	NA	SeqMatic-1	NA
CNH_I_UCI001-031_RNA	NA	rRNA depletion|globin depletion	NA	paired-end|untargeted	Watchmaker ribosomal and globin depletion	NA	NA	NA	paired-end	NA	150	NA	NovaSeq	NA	7.7	UCI001-031_RNA	156082787	CNH_I_UCI001-031_RNA	NA	SeqMatic-1	NA
CNH_I_UCI001-032_RNA	NA	rRNA depletion|globin depletion	NA	paired-end|untargeted	Watchmaker ribosomal and globin depletion	NA	NA	NA	paired-end	NA	150	NA	NovaSeq	NA	7.4	UCI001-032_RNA	164619661	CNH_I_UCI001-032_RNA	NA	SeqMatic-1	NA
CNH_I_UCI001-033_RNA	NA	rRNA depletion|globin depletion	NA	paired-end|untargeted	Watchmaker ribosomal and globin depletion	NA	NA	NA	paired-end	NA	150	NA	NovaSeq	NA	8.7	UCI001-033_RNA	166443681	CNH_I_UCI001-033_RNA	NA	SeqMatic-1	NA
CNH_I_UCI001-034_RNA	NA	rRNA depletion|globin depletion	NA	paired-end|untargeted	Watchmaker ribosomal and globin depletion	NA	NA	NA	paired-end	NA	150	NA	NovaSeq	NA	7.8	UCI001-034_RNA	151103918	CNH_I_UCI001-034_RNA	NA	SeqMatic-1	NA
CNH_I_UCI001-035_RNA	NA	rRNA depletion|globin depletion	NA	paired-end|untargeted	Watchmaker ribosomal and globin depletion	NA	NA	NA	paired-end	NA	150	NA	NovaSeq	NA	8.7	UCI001-035_RNA	174465346	CNH_I_UCI001-035_RNA	NA	SeqMatic-1	NA
CNH_I_UCI001-036_RNA	NA	rRNA depletion|globin depletion	NA	paired-end|untargeted	Watchmaker ribosomal and globin depletion	NA	NA	NA	paired-end	NA	150	NA	NovaSeq	NA	8.9	UCI001-036_RNA	145309047	CNH_I_UCI001-036_RNA	NA	SeqMatic-1	NA
CNH_I_UCI001-037_RNA	NA	rRNA depletion|globin depletion	NA	paired-end|untargeted	Watchmaker ribosomal and globin depletion	NA	NA	NA	paired-end	NA	150	NA	NovaSeq	NA	8.5	UCI001-037_RNA	168558130	CNH_I_UCI001-037_RNA	NA	SeqMatic-1	NA
CNH_I_UCI001-038_RNA	NA	rRNA depletion|globin depletion	NA	paired-end|untargeted	Watchmaker ribosomal and globin depletion	NA	NA	NA	paired-end	NA	150	NA	NovaSeq	NA	8	UCI001-038_RNA	141938651	CNH_I_UCI001-038_RNA	NA	SeqMatic-1	NA
CNH_I_UCI001-039_RNA	NA	rRNA depletion|globin depletion	NA	paired-end|untargeted	Watchmaker ribosomal and globin depletion	NA	NA	NA	paired-end	NA	150	NA	NovaSeq	NA	8.9	UCI001-039_RNA	156237415	CNH_I_UCI001-039_RNA	NA	SeqMatic-1	NA
CNH_I_UCI001-040_RNA	NA	rRNA depletion|globin depletion	NA	paired-end|untargeted	Watchmaker ribosomal and globin depletion	NA	NA	NA	paired-end	NA	150	NA	NovaSeq	NA	9.1	UCI001-040_RNA	175644288	CNH_I_UCI001-040_RNA	NA	SeqMatic-1	NA
CNH_I_UCI001-041_RNA	NA	rRNA depletion|globin depletion	NA	paired-end|untargeted	Watchmaker ribosomal and globin depletion	NA	NA	NA	paired-end	NA	150	NA	NovaSeq	NA	8.2	UCI001-041_RNA	160273797	CNH_I_UCI001-041_RNA	NA	SeqMatic-1	NA
CNH_I_UCI001-042_RNA	NA	rRNA depletion|globin depletion	NA	paired-end|untargeted	Watchmaker ribosomal and globin depletion	NA	NA	NA	paired-end	NA	150	NA	NovaSeq	NA	9.2	UCI001-042_RNA	182497906	CNH_I_UCI001-042_RNA	NA	SeqMatic-1	NA
CNH_I_UCI001-043_RNA	NA	rRNA depletion|globin depletion	NA	paired-end|untargeted	Watchmaker ribosomal and globin depletion	NA	NA	NA	paired-end	NA	150	NA	NovaSeq	NA	8.7	UCI001-043_RNA	195965317	CNH_I_UCI001-043_RNA	NA	SeqMatic-1	NA
CNH_I_UCI001-044_RNA	NA	rRNA depletion|globin depletion	NA	paired-end|untargeted	Watchmaker ribosomal and globin depletion	NA	NA	NA	paired-end	NA	150	NA	NovaSeq	NA	8.3	UCI001-044_RNA	166554712	CNH_I_UCI001-044_RNA	NA	SeqMatic-1	NA
CNH_I_UCI001-045_RNA	NA	rRNA depletion|globin depletion	NA	paired-end|untargeted	Watchmaker ribosomal and globin depletion	NA	NA	NA	paired-end	NA	150	NA	NovaSeq	NA	7.8	UCI001-045_RNA	180324768	CNH_I_UCI001-045_RNA	NA	SeqMatic-1	NA
CNH_I_UCI001-046_RNA	NA	rRNA depletion|globin depletion	NA	paired-end|untargeted	Watchmaker ribosomal and globin depletion	NA	NA	NA	paired-end	NA	150	NA	NovaSeq	NA	7.6	UCI001-046_RNA	152305151	CNH_I_UCI001-046_RNA	NA	SeqMatic-1	NA
CNH_I_UCI001-047_RNA	NA	rRNA depletion|globin depletion	NA	paired-end|untargeted	Watchmaker ribosomal and globin depletion	NA	NA	NA	paired-end	NA	150	NA	NovaSeq	NA	8.1	UCI001-047_RNA	131642392	CNH_I_UCI001-047_RNA	NA	SeqMatic-1	NA
CNH_I_UCI001-049_RNA	NA	rRNA depletion|globin depletion	NA	paired-end|untargeted	Watchmaker ribosomal and globin depletion	NA	NA	NA	paired-end	NA	150	NA	NovaSeq	NA	8.6	UCI001-049_RNA	149239215	CNH_I_UCI001-049_RNA	NA	SeqMatic-1	NA
CNH_I_UCI001-050_RNA	NA	rRNA depletion|globin depletion	NA	paired-end|untargeted	Watchmaker ribosomal and globin depletion	NA	NA	NA	paired-end	NA	150	NA	NovaSeq	NA	7.4	UCI001-050_RNA	126070363	CNH_I_UCI001-050_RNA	NA	SeqMatic-1	NA
CNH_I_UCI001-051_RNA	NA	rRNA depletion|globin depletion	NA	paired-end|untargeted	Watchmaker ribosomal and globin depletion	NA	NA	NA	paired-end	NA	150	NA	NovaSeq	NA	8.3	UCI001-051_RNA	140045488	CNH_I_UCI001-051_RNA	NA	SeqMatic-1	NA
CNH_I_UCI001-052_RNA	NA	rRNA depletion|globin depletion	NA	paired-end|untargeted	Watchmaker ribosomal and globin depletion	NA	NA	NA	paired-end	NA	150	NA	NovaSeq	NA	9.1	UCI001-052_RNA	163500608	CNH_I_UCI001-052_RNA	NA	SeqMatic-1	NA
CNH_I_UCI001-053_RNA	NA	rRNA depletion|globin depletion	NA	paired-end|untargeted	Watchmaker ribosomal and globin depletion	NA	NA	NA	paired-end	NA	150	NA	NovaSeq	NA	9.1	UCI001-053_RNA	176376472	CNH_I_UCI001-053_RNA	NA	SeqMatic-1	NA
CNH_I_UCI001-054_RNA	NA	rRNA depletion|globin depletion	NA	paired-end|untargeted	Watchmaker ribosomal and globin depletion	NA	NA	NA	paired-end	NA	150	NA	NovaSeq	NA	9	UCI001-054_RNA	156776560	CNH_I_UCI001-054_RNA	NA	SeqMatic-1	NA
CNH_I_UCI001-055_RNA	NA	rRNA depletion|globin depletion	NA	paired-end|untargeted	Watchmaker ribosomal and globin depletion	NA	NA	NA	paired-end	NA	150	NA	NovaSeq	NA	9.3	UCI001-055_RNA	177865618	CNH_I_UCI001-055_RNA	NA	SeqMatic-1	NA
CNH_I_UCI001-056_RNA	NA	rRNA depletion|globin depletion	NA	paired-end|untargeted	Watchmaker ribosomal and globin depletion	NA	NA	NA	paired-end	NA	150	NA	NovaSeq	NA	9.3	UCI001-056_RNA	164601965	CNH_I_UCI001-056_RNA	NA	SeqMatic-1	NA
CNH_I_UCI001-057_RNA	NA	rRNA depletion|globin depletion	NA	paired-end|untargeted	Watchmaker ribosomal and globin depletion	NA	NA	NA	paired-end	NA	150	NA	NovaSeq	NA	8.9	UCI001-057_RNA	154146917	CNH_I_UCI001-057_RNA	NA	SeqMatic-1	NA
CNH_I_UCI001-058_RNA	NA	rRNA depletion|globin depletion	NA	paired-end|untargeted	Watchmaker ribosomal and globin depletion	NA	NA	NA	paired-end	NA	150	NA	NovaSeq	NA	9	UCI001-058_RNA	170973628	CNH_I_UCI001-058_RNA	NA	SeqMatic-1	NA
CNH_I_UCI001-059_RNA	NA	rRNA depletion|globin depletion	NA	paired-end|untargeted	Watchmaker ribosomal and globin depletion	NA	NA	NA	paired-end	NA	150	NA	NovaSeq	NA	9.2	UCI001-059_RNA	142347595	CNH_I_UCI001-059_RNA	NA	SeqMatic-1	NA
CNH_I_UCI001-060_RNA	NA	rRNA depletion|globin depletion	NA	paired-end|untargeted	Watchmaker ribosomal and globin depletion	NA	NA	NA	paired-end	NA	150	NA	NovaSeq	NA	9	UCI001-060_RNA	146848660	CNH_I_UCI001-060_RNA	NA	SeqMatic-1	NA
CNH_I_UCI001-061_RNA	NA	rRNA depletion|globin depletion	NA	paired-end|untargeted	Watchmaker ribosomal and globin depletion	NA	NA	NA	paired-end	NA	150	NA	NovaSeq	NA	8.8	UCI001-061_RNA	149969303	CNH_I_UCI001-061_RNA	NA	SeqMatic-1	NA
CNH_I_UCI001-062_RNA	NA	rRNA depletion|globin depletion	NA	paired-end|untargeted	Watchmaker ribosomal and globin depletion	NA	NA	NA	paired-end	NA	150	NA	NovaSeq	NA	9.4	UCI001-062_RNA	168737738	CNH_I_UCI001-062_RNA	NA	SeqMatic-1	NA
CNH_I_UCI001-063_RNA	NA	rRNA depletion|globin depletion	NA	paired-end|untargeted	Watchmaker ribosomal and globin depletion	NA	NA	NA	paired-end	NA	150	NA	NovaSeq	NA	9.3	UCI001-063_RNA	147650792	CNH_I_UCI001-063_RNA	NA	SeqMatic-1	NA
CNH_I_UCI001-064_RNA	NA	rRNA depletion|globin depletion	NA	paired-end|untargeted	Watchmaker ribosomal and globin depletion	NA	NA	NA	paired-end	NA	150	NA	NovaSeq	NA	9.1	UCI001-064_RNA	163785762	CNH_I_UCI001-064_RNA	NA	SeqMatic-1	NA
CNH_I_UCI001-065_RNA	NA	rRNA depletion|globin depletion	NA	paired-end|untargeted	Watchmaker ribosomal and globin depletion	NA	NA	NA	paired-end	NA	150	NA	NovaSeq	NA	8.3	UCI001-065_RNA	162938539	CNH_I_UCI001-065_RNA	NA	SeqMatic-1	NA
CNH_I_UCI001-066_RNA	NA	rRNA depletion|globin depletion	NA	paired-end|untargeted	Watchmaker ribosomal and globin depletion	NA	NA	NA	paired-end	NA	150	NA	NovaSeq	NA	8.7	UCI001-066_RNA	186290436	CNH_I_UCI001-066_RNA	NA	SeqMatic-1	NA
CNH_I_UCI001-067_RNA	NA	rRNA depletion|globin depletion	NA	paired-end|untargeted	Watchmaker ribosomal and globin depletion	NA	NA	NA	paired-end	NA	150	NA	NovaSeq	NA	9.1	UCI001-067_RNA	168466948	CNH_I_UCI001-067_RNA	NA	SeqMatic-1	NA
CNH_I_UCI001-068_RNA	NA	rRNA depletion|globin depletion	NA	paired-end|untargeted	Watchmaker ribosomal and globin depletion	NA	NA	NA	paired-end	NA	150	NA	NovaSeq	NA	8.6	UCI001-068_RNA	188333494	CNH_I_UCI001-068_RNA	NA	SeqMatic-1	NA
CNH_I_UCI001-069_RNA	NA	rRNA depletion|globin depletion	NA	paired-end|untargeted	Watchmaker ribosomal and globin depletion	NA	NA	NA	paired-end	NA	150	NA	NovaSeq	NA	9	UCI001-069_RNA	174116263	CNH_I_UCI001-069_RNA	NA	SeqMatic-1	NA
CNH_I_UCI001-070_RNA	NA	rRNA depletion|globin depletion	NA	paired-end|untargeted	Watchmaker ribosomal and globin depletion	NA	NA	NA	paired-end	NA	150	NA	NovaSeq	NA	9.2	UCI001-070_RNA	186514014	CNH_I_UCI001-070_RNA	NA	SeqMatic-1	NA
CNH_I_UCI001-071_RNA	NA	rRNA depletion|globin depletion	NA	paired-end|untargeted	Watchmaker ribosomal and globin depletion	NA	NA	NA	paired-end	NA	150	NA	NovaSeq	NA	9	UCI001-071_RNA	135459090	CNH_I_UCI001-071_RNA	NA	SeqMatic-1	NA
CNH_I_UCI001-072_RNA	NA	rRNA depletion|globin depletion	NA	paired-end|untargeted	Watchmaker ribosomal and globin depletion	NA	NA	NA	paired-end	NA	150	NA	NovaSeq	NA	9	UCI001-072_RNA	151781298	CNH_I_UCI001-072_RNA	NA	SeqMatic-1	NA
CNH_I_UCI001-073_RNA	NA	rRNA depletion|globin depletion	NA	paired-end|untargeted	Watchmaker ribosomal and globin depletion	NA	NA	NA	paired-end	NA	150	NA	NovaSeq	NA	8.7	UCI001-073_RNA	154698707	CNH_I_UCI001-073_RNA	NA	SeqMatic-1	NA
CNH_I_UCI001-074_RNA	NA	rRNA depletion|globin depletion	NA	paired-end|untargeted	Watchmaker ribosomal and globin depletion	NA	NA	NA	paired-end	NA	150	NA	NovaSeq	NA	8.1	UCI001-074_RNA	153566445	CNH_I_UCI001-074_RNA	NA	SeqMatic-1	NA
CNH_I_UCI001-075_RNA	NA	rRNA depletion|globin depletion	NA	paired-end|untargeted	Watchmaker ribosomal and globin depletion	NA	NA	NA	paired-end	NA	150	NA	NovaSeq	NA	8.5	UCI001-075_RNA	151173582	CNH_I_UCI001-075_RNA	NA	SeqMatic-1	NA
CNH_I_UCI001-076_RNA	NA	rRNA depletion|globin depletion	NA	paired-end|untargeted	Watchmaker ribosomal and globin depletion	NA	NA	NA	paired-end	NA	150	NA	NovaSeq	NA	8.5	UCI001-076_RNA	173158452	CNH_I_UCI001-076_RNA	NA	SeqMatic-1	NA
CNH_I_UCI001-077_RNA	NA	rRNA depletion|globin depletion	NA	paired-end|untargeted	Watchmaker ribosomal and globin depletion	NA	NA	NA	paired-end	NA	150	NA	NovaSeq	NA	8.5	UCI001-077_RNA	152035258	CNH_I_UCI001-077_RNA	NA	SeqMatic-1	NA
CNH_I_UCI001-078_RNA	NA	rRNA depletion|globin depletion	NA	paired-end|untargeted	Watchmaker ribosomal and globin depletion	NA	NA	NA	paired-end	NA	150	NA	NovaSeq	NA	8.4	UCI001-078_RNA	191786185	CNH_I_UCI001-078_RNA	NA	SeqMatic-1	NA
CNH_I_UCI001-079_RNA	NA	rRNA depletion|globin depletion	NA	paired-end|untargeted	Watchmaker ribosomal and globin depletion	NA	NA	NA	paired-end	NA	150	NA	NovaSeq	NA	9.4	UCI001-079_RNA	169376283	CNH_I_UCI001-079_RNA	NA	SeqMatic-1	NA
CNH_I_UCI001-080_RNA	NA	rRNA depletion|globin depletion	NA	paired-end|untargeted	Watchmaker ribosomal and globin depletion	NA	NA	NA	paired-end	NA	150	NA	NovaSeq	NA	9.3	UCI001-080_RNA	173220937	CNH_I_UCI001-080_RNA	NA	SeqMatic-1	NA
CNH_I_UCI001-081_RNA	NA	rRNA depletion|globin depletion	NA	paired-end|untargeted	Watchmaker ribosomal and globin depletion	NA	NA	NA	paired-end	NA	150	NA	NovaSeq	NA	8.6	UCI001-081_RNA	186544893	CNH_I_UCI001-081_RNA	NA	SeqMatic-1	NA
CNH_I_UCI001-082_RNA	NA	rRNA depletion|globin depletion	NA	paired-end|untargeted	Watchmaker ribosomal and globin depletion	NA	NA	NA	paired-end	NA	150	NA	NovaSeq	NA	8.9	UCI001-082_RNA	153463146	CNH_I_UCI001-082_RNA	NA	SeqMatic-1	NA
CNH_I_UCI001-083_RNA	NA	rRNA depletion|globin depletion	NA	paired-end|untargeted	Watchmaker ribosomal and globin depletion	NA	NA	NA	paired-end	NA	150	NA	NovaSeq	NA	8.9	UCI001-083_RNA	144272095	CNH_I_UCI001-083_RNA	NA	SeqMatic-1	NA
CNH_I_UCI001-084_RNA	NA	rRNA depletion|globin depletion	NA	paired-end|untargeted	Watchmaker ribosomal and globin depletion	NA	NA	NA	paired-end	NA	150	NA	NovaSeq	NA	8.9	UCI001-084_RNA	166790289	CNH_I_UCI001-084_RNA	NA	SeqMatic-1	NA
CNH_I_UCI001-085_RNA	NA	rRNA depletion|globin depletion	NA	paired-end|untargeted	Watchmaker ribosomal and globin depletion	NA	NA	NA	paired-end	NA	150	NA	NovaSeq	NA	8.6	UCI001-085_RNA	176505577	CNH_I_UCI001-085_RNA	NA	SeqMatic-1	NA
CNH_I_UCI001-086_RNA	NA	rRNA depletion|globin depletion	NA	paired-end|untargeted	Watchmaker ribosomal and globin depletion	NA	NA	NA	paired-end	NA	150	NA	NovaSeq	NA	9.6	UCI001-086_RNA	178908128	CNH_I_UCI001-086_RNA	NA	SeqMatic-1	NA
CNH_I_UCI001-087_RNA	NA	rRNA depletion|globin depletion	NA	paired-end|untargeted	Watchmaker ribosomal and globin depletion	NA	NA	NA	paired-end	NA	150	NA	NovaSeq	NA	9.1	UCI001-087_RNA	130467943	CNH_I_UCI001-087_RNA	NA	SeqMatic-1	NA
CNH_I_UCI001-088_RNA	NA	rRNA depletion|globin depletion	NA	paired-end|untargeted	Watchmaker ribosomal and globin depletion	NA	NA	NA	paired-end	NA	150	NA	NovaSeq	NA	8.3	UCI001-088_RNA	165759813	CNH_I_UCI001-088_RNA	NA	SeqMatic-1	NA
CNH_I_UCI001-089_RNA	NA	rRNA depletion|globin depletion	NA	paired-end|untargeted	Watchmaker ribosomal and globin depletion	NA	NA	NA	paired-end	NA	150	NA	NovaSeq	NA	9.1	UCI001-089_RNA	143275918	CNH_I_UCI001-089_RNA	NA	SeqMatic-1	NA
CNH_I_UCI001-090_RNA	NA	rRNA depletion|globin depletion	NA	paired-end|untargeted	Watchmaker ribosomal and globin depletion	NA	NA	NA	paired-end	NA	150	NA	NovaSeq	NA	8.4	UCI001-090_RNA	150630788	CNH_I_UCI001-090_RNA	NA	SeqMatic-1	NA
CNH_I_UCI001-091_RNA	NA	rRNA depletion|globin depletion	NA	paired-end|untargeted	Watchmaker ribosomal and globin depletion	NA	NA	NA	paired-end	NA	150	NA	NovaSeq	NA	8.3	UCI001-091_RNA	170989684	CNH_I_UCI001-091_RNA	NA	SeqMatic-1	NA
CNH_I_UCI001-092_RNA	NA	rRNA depletion|globin depletion	NA	paired-end|untargeted	Watchmaker ribosomal and globin depletion	NA	NA	NA	paired-end	NA	150	NA	NovaSeq	NA	8.9	UCI001-092_RNA	188266275	CNH_I_UCI001-092_RNA	NA	SeqMatic-1	NA
CNH_I_UCI001-093_RNA	NA	rRNA depletion|globin depletion	NA	paired-end|untargeted	Watchmaker ribosomal and globin depletion	NA	NA	NA	paired-end	NA	150	NA	NovaSeq	NA	8.5	UCI001-093_RNA	144890606	CNH_I_UCI001-093_RNA	NA	SeqMatic-1	NA
CNH_I_UCI001-094_RNA	NA	rRNA depletion|globin depletion	NA	paired-end|untargeted	Watchmaker ribosomal and globin depletion	NA	NA	NA	paired-end	NA	150	NA	NovaSeq	NA	8.6	UCI001-094_RNA	149873100	CNH_I_UCI001-094_RNA	NA	SeqMatic-1	NA
CNH_I_UCI001-095_RNA	NA	rRNA depletion|globin depletion	NA	paired-end|untargeted	Watchmaker ribosomal and globin depletion	NA	NA	NA	paired-end	NA	150	NA	NovaSeq	NA	8.6	UCI001-095_RNA	158244535	CNH_I_UCI001-095_RNA	NA	SeqMatic-1	NA
CNH_I_UCI001-096_RNA	NA	rRNA depletion|globin depletion	NA	paired-end|untargeted	Watchmaker ribosomal and globin depletion	NA	NA	NA	paired-end	NA	150	NA	NovaSeq	NA	8.6	UCI001-096_RNA	117286136	CNH_I_UCI001-096_RNA	NA	SeqMatic-1	NA
CNH_I_UCI001-097_RNA	NA	rRNA depletion|globin depletion	NA	paired-end|untargeted	Watchmaker ribosomal and globin depletion	NA	NA	NA	paired-end	NA	150	NA	NovaSeq	NA	9	UCI001-097_RNA	176152600	CNH_I_UCI001-097_RNA	NA	SeqMatic-1	NA
CNH_I_UCI001-098_RNA	NA	rRNA depletion|globin depletion	NA	paired-end|untargeted	Watchmaker ribosomal and globin depletion	NA	NA	NA	paired-end	NA	150	NA	NovaSeq	NA	8.7	UCI001-098_RNA	161417602	CNH_I_UCI001-098_RNA	NA	SeqMatic-1	NA
CNH_I_UCI001-099_RNA	NA	rRNA depletion|globin depletion	NA	paired-end|untargeted	Watchmaker ribosomal and globin depletion	NA	NA	NA	paired-end	NA	150	NA	NovaSeq	NA	8.7	UCI001-099_RNA	178914147	CNH_I_UCI001-099_RNA	NA	SeqMatic-1	NA
CNH_I_UCI001-100_RNA	NA	rRNA depletion|globin depletion	NA	paired-end|untargeted	Watchmaker ribosomal and globin depletion	NA	NA	NA	paired-end	NA	150	NA	NovaSeq	NA	9.7	UCI001-100_RNA	189010655	CNH_I_UCI001-100_RNA	NA	SeqMatic-1	NA
CNH_I_UCI001-101_RNA	NA	rRNA depletion|globin depletion	NA	paired-end|untargeted	Watchmaker ribosomal and globin depletion	NA	NA	NA	paired-end	NA	150	NA	NovaSeq	NA	9.1	UCI001-101_RNA	156859109	CNH_I_UCI001-101_RNA	NA	SeqMatic-1	NA
CNH_I_UCI001-102_RNA	NA	rRNA depletion|globin depletion	NA	paired-end|untargeted	Watchmaker ribosomal and globin depletion	NA	NA	NA	paired-end	NA	150	NA	NovaSeq	NA	9.1	UCI001-102_RNA	171224528	CNH_I_UCI001-102_RNA	NA	SeqMatic-1	NA
CNH_I_UCI001-103_RNA	NA	rRNA depletion|globin depletion	NA	paired-end|untargeted	Watchmaker ribosomal and globin depletion	NA	NA	NA	paired-end	NA	150	NA	NovaSeq	NA	9	UCI001-103_RNA	171888465	CNH_I_UCI001-103_RNA	NA	SeqMatic-1	NA
CNH_I_UCI001-104_RNA	NA	rRNA depletion|globin depletion	NA	paired-end|untargeted	Watchmaker ribosomal and globin depletion	NA	NA	NA	paired-end	NA	150	NA	NovaSeq	NA	9.1	UCI001-104_RNA	166600693	CNH_I_UCI001-104_RNA	NA	SeqMatic-1	NA
CNH_I_UCI001-105_RNA	NA	rRNA depletion|globin depletion	NA	paired-end|untargeted	Watchmaker ribosomal and globin depletion	NA	NA	NA	paired-end	NA	150	NA	NovaSeq	NA	9.1	UCI001-105_RNA	178150915	CNH_I_UCI001-105_RNA	NA	SeqMatic-1	NA
CNH_I_UCI001-106_RNA	NA	rRNA depletion|globin depletion	NA	paired-end|untargeted	Watchmaker ribosomal and globin depletion	NA	NA	NA	paired-end	NA	150	NA	NovaSeq	NA	8.7	UCI001-106_RNA	178263270	CNH_I_UCI001-106_RNA	NA	SeqMatic-1	NA
CNH_I_UCI001-107_RNA	NA	rRNA depletion|globin depletion	NA	paired-end|untargeted	Watchmaker ribosomal and globin depletion	NA	NA	NA	paired-end	NA	150	NA	NovaSeq	NA	9.3	UCI001-107_RNA	167117501	CNH_I_UCI001-107_RNA	NA	SeqMatic-1	NA
CNH_I_UCI001-108_RNA	NA	rRNA depletion|globin depletion	NA	paired-end|untargeted	Watchmaker ribosomal and globin depletion	NA	NA	NA	paired-end	NA	150	NA	NovaSeq	NA	9.3	UCI001-108_RNA	179600372	CNH_I_UCI001-108_RNA	NA	SeqMatic-1	NA
CNH_I_UCI001-109_RNA	NA	rRNA depletion|globin depletion	NA	paired-end|untargeted	Watchmaker ribosomal and globin depletion	NA	NA	NA	paired-end	NA	150	NA	NovaSeq	NA	8.9	UCI001-109_RNA	168399855	CNH_I_UCI001-109_RNA	NA	SeqMatic-1	NA
CNH_I_UCI001-110_RNA	NA	rRNA depletion|globin depletion	NA	paired-end|untargeted	Watchmaker ribosomal and globin depletion	NA	NA	NA	paired-end	NA	150	NA	NovaSeq	NA	9	UCI001-110_RNA	189454469	CNH_I_UCI001-110_RNA	NA	SeqMatic-1	NA
CNH_I_UCI001-111_RNA	NA	rRNA depletion|globin depletion	NA	paired-end|untargeted	Watchmaker ribosomal and globin depletion	NA	NA	NA	paired-end	NA	150	NA	NovaSeq	NA	9.2	UCI001-111_RNA	143037351	CNH_I_UCI001-111_RNA	NA	SeqMatic-1	NA
CNH_I_UCI001-112_RNA	NA	rRNA depletion|globin depletion	NA	paired-end|untargeted	Watchmaker ribosomal and globin depletion	NA	NA	NA	paired-end	NA	150	NA	NovaSeq	NA	8.3	UCI001-112_RNA	154035477	CNH_I_UCI001-112_RNA	NA	SeqMatic-1	NA
CNH_I_UCI001-113_RNA	NA	rRNA depletion|globin depletion	NA	paired-end|untargeted	Watchmaker ribosomal and globin depletion	NA	NA	NA	paired-end	NA	150	NA	NovaSeq	NA	8.5	UCI001-113_RNA	206171239	CNH_I_UCI001-113_RNA	NA	SeqMatic-1	NA
CNH_I_UCI001-114_RNA	NA	rRNA depletion|globin depletion	NA	paired-end|untargeted	Watchmaker ribosomal and globin depletion	NA	NA	NA	paired-end	NA	150	NA	NovaSeq	NA	8.8	UCI001-114_RNA	153355323	CNH_I_UCI001-114_RNA	NA	SeqMatic-1	NA
CNH_I_UCI001-115_RNA	NA	rRNA depletion|globin depletion	NA	paired-end|untargeted	Watchmaker ribosomal and globin depletion	NA	NA	NA	paired-end	NA	150	NA	NovaSeq	NA	8.3	UCI001-115_RNA	123061268	CNH_I_UCI001-115_RNA	NA	SeqMatic-1	NA
CNH_I_UCI001-116_RNA	NA	rRNA depletion|globin depletion	NA	paired-end|untargeted	Watchmaker ribosomal and globin depletion	NA	NA	NA	paired-end	NA	150	NA	NovaSeq	NA	9.1	UCI001-116_RNA	158019439	CNH_I_UCI001-116_RNA	NA	SeqMatic-1	NA
CNH_I_UCI001-117_RNA	NA	rRNA depletion|globin depletion	NA	paired-end|untargeted	Watchmaker ribosomal and globin depletion	NA	NA	NA	paired-end	NA	150	NA	NovaSeq	NA	9.2	UCI001-117_RNA	135773986	CNH_I_UCI001-117_RNA	NA	SeqMatic-1	NA
CNH_I_UCI001-118_RNA	NA	rRNA depletion|globin depletion	NA	paired-end|untargeted	Watchmaker ribosomal and globin depletion	NA	NA	NA	paired-end	NA	150	NA	NovaSeq	NA	9.3	UCI001-118_RNA	170590183	CNH_I_UCI001-118_RNA	NA	SeqMatic-1	NA
CNH_I_UCI001-119_RNA	NA	rRNA depletion|globin depletion	NA	paired-end|untargeted	Watchmaker ribosomal and globin depletion	NA	NA	NA	paired-end	NA	150	NA	NovaSeq	NA	9.2	UCI001-119_RNA	130511525	CNH_I_UCI001-119_RNA	NA	SeqMatic-1	NA
CNH_I_UCI001-120_RNA	NA	rRNA depletion|globin depletion	NA	paired-end|untargeted	Watchmaker ribosomal and globin depletion	NA	NA	NA	paired-end	NA	150	NA	NovaSeq	NA	8.6	UCI001-120_RNA	178136128	CNH_I_UCI001-120_RNA	NA	SeqMatic-1	NA
CNH_I_UCI001-121_RNA	NA	rRNA depletion|globin depletion	NA	paired-end|untargeted	Watchmaker ribosomal and globin depletion	NA	NA	NA	paired-end	NA	150	NA	NovaSeq	NA	8.6	UCI001-121_RNA	138329689	CNH_I_UCI001-121_RNA	NA	SeqMatic-1	NA
CNH_I_UCI001-122_RNA	NA	rRNA depletion|globin depletion	NA	paired-end|untargeted	Watchmaker ribosomal and globin depletion	NA	NA	NA	paired-end	NA	150	NA	NovaSeq	NA	6.5	UCI001-122_RNA	151931019	CNH_I_UCI001-122_RNA	NA	SeqMatic-1	NA
CNH_I_UCI001-123_RNA	NA	rRNA depletion|globin depletion	NA	paired-end|untargeted	Watchmaker ribosomal and globin depletion	NA	NA	NA	paired-end	NA	150	NA	NovaSeq	NA	8.4	UCI001-123_RNA	126914661	CNH_I_UCI001-123_RNA	NA	SeqMatic-1	NA
CNH_I_UCI001-124_RNA	NA	rRNA depletion|globin depletion	NA	paired-end|untargeted	Watchmaker ribosomal and globin depletion	NA	NA	NA	paired-end	NA	150	NA	NovaSeq	NA	8.9	UCI001-124_RNA	98427842	CNH_I_UCI001-124_RNA	NA	SeqMatic-1	NA
CNH_I_UCI001-125_RNA	NA	rRNA depletion|globin depletion	NA	paired-end|untargeted	Watchmaker ribosomal and globin depletion	NA	NA	NA	paired-end	NA	150	NA	NovaSeq	NA	8.7	UCI001-125_RNA	149989794	CNH_I_UCI001-125_RNA	NA	SeqMatic-1	NA
CNH_I_UCI001-126_RNA	NA	rRNA depletion|globin depletion	NA	paired-end|untargeted	Watchmaker ribosomal and globin depletion	NA	NA	NA	paired-end	NA	150	NA	NovaSeq	NA	7.6	UCI001-126_RNA	137482656	CNH_I_UCI001-126_RNA	NA	SeqMatic-1	NA
CNH_I_UCI001-127_RNA	NA	rRNA depletion|globin depletion	NA	paired-end|untargeted	Watchmaker ribosomal and globin depletion	NA	NA	NA	paired-end	NA	150	NA	NovaSeq	NA	8.3	UCI001-127_RNA	139367860	CNH_I_UCI001-127_RNA	NA	SeqMatic-1	NA
CNH_I_UCI001-128_RNA	NA	rRNA depletion|globin depletion	NA	paired-end|untargeted	Watchmaker ribosomal and globin depletion	NA	NA	NA	paired-end	NA	150	NA	NovaSeq	NA	7.3	UCI001-128_RNA	134351023	CNH_I_UCI001-128_RNA	NA	SeqMatic-1	NA
CNH_I_UCI001-129_RNA	NA	rRNA depletion|globin depletion	NA	paired-end|untargeted	Watchmaker ribosomal and globin depletion	NA	NA	NA	paired-end	NA	150	NA	NovaSeq	NA	5.9	UCI001-129_RNA	147300303	CNH_I_UCI001-129_RNA	NA	SeqMatic-1	NA
CNH_I_UCI001-130_RNA	NA	rRNA depletion|globin depletion	NA	paired-end|untargeted	Watchmaker ribosomal and globin depletion	NA	NA	NA	paired-end	NA	150	NA	NovaSeq	NA	5.6	UCI001-130_RNA	171363552	CNH_I_UCI001-130_RNA	NA	SeqMatic-1	NA
CNH_I_UCI001-131_RNA	NA	rRNA depletion|globin depletion	NA	paired-end|untargeted	Watchmaker ribosomal and globin depletion	NA	NA	NA	paired-end	NA	150	NA	NovaSeq	NA	9.1	UCI001-131_RNA	162100507	CNH_I_UCI001-131_RNA	NA	SeqMatic-1	NA
CNH_I_UCI001-132_RNA	NA	rRNA depletion|globin depletion	NA	paired-end|untargeted	Watchmaker ribosomal and globin depletion	NA	NA	NA	paired-end	NA	150	NA	NovaSeq	NA	9	UCI001-132_RNA	186055449	CNH_I_UCI001-132_RNA	NA	SeqMatic-1	NA
CNH_I_UCI001-133_RNA	NA	rRNA depletion|globin depletion	NA	paired-end|untargeted	Watchmaker ribosomal and globin depletion	NA	NA	NA	paired-end	NA	150	NA	NovaSeq	NA	9.2	UCI001-133_RNA	160702389	CNH_I_UCI001-133_RNA	NA	SeqMatic-1	NA
CNH_I_UCI001-134_RNA	NA	rRNA depletion|globin depletion	NA	paired-end|untargeted	Watchmaker ribosomal and globin depletion	NA	NA	NA	paired-end	NA	150	NA	NovaSeq	NA	9.2	UCI001-134_RNA	155606410	CNH_I_UCI001-134_RNA	NA	SeqMatic-1	NA
CNH_I_UCI001-135_RNA	NA	rRNA depletion|globin depletion	NA	paired-end|untargeted	Watchmaker ribosomal and globin depletion	NA	NA	NA	paired-end	NA	150	NA	NovaSeq	NA	7.8	UCI001-135_RNA	139810833	CNH_I_UCI001-135_RNA	NA	SeqMatic-1	NA
CNH_I_UCI001-136_RNA	NA	rRNA depletion|globin depletion	NA	paired-end|untargeted	Watchmaker ribosomal and globin depletion	NA	NA	NA	paired-end	NA	150	NA	NovaSeq	NA	8.8	UCI001-136_RNA	176158044	CNH_I_UCI001-136_RNA	NA	SeqMatic-1	NA
CNH_I_UCI001-137_RNA	NA	rRNA depletion|globin depletion	NA	paired-end|untargeted	Watchmaker ribosomal and globin depletion	NA	NA	NA	paired-end	NA	150	NA	NovaSeq	NA	8.7	UCI001-137_RNA	195727047	CNH_I_UCI001-137_RNA	NA	SeqMatic-1	NA
CNH_I_UCI001-138_RNA	NA	rRNA depletion|globin depletion	NA	paired-end|untargeted	Watchmaker ribosomal and globin depletion	NA	NA	NA	paired-end	NA	150	NA	NovaSeq	NA	9.2	UCI001-138_RNA	165452312	CNH_I_UCI001-138_RNA	NA	SeqMatic-1	NA
CNH_I_UCI001-139_RNA	NA	rRNA depletion|globin depletion	NA	paired-end|untargeted	Watchmaker ribosomal and globin depletion	NA	NA	NA	paired-end	NA	150	NA	NovaSeq	NA	8.8	UCI001-139_RNA	164409941	CNH_I_UCI001-139_RNA	NA	SeqMatic-1	NA
CNH_I_UCI001-140_RNA	NA	rRNA depletion|globin depletion	NA	paired-end|untargeted	Watchmaker ribosomal and globin depletion	NA	NA	NA	paired-end	NA	150	NA	NovaSeq	NA	9	UCI001-140_RNA	173290875	CNH_I_UCI001-140_RNA	NA	SeqMatic-1	NA
CNH_I_UCI001-141_RNA	NA	rRNA depletion|globin depletion	NA	paired-end|untargeted	Watchmaker ribosomal and globin depletion	NA	NA	NA	paired-end	NA	150	NA	NovaSeq	NA	8.2	UCI001-141_RNA	145355603	CNH_I_UCI001-141_RNA	NA	SeqMatic-1	NA
CNH_I_UCI001-142_RNA	NA	rRNA depletion|globin depletion	NA	paired-end|untargeted	Watchmaker ribosomal and globin depletion	NA	NA	NA	paired-end	NA	150	NA	NovaSeq	NA	8.9	UCI001-142_RNA	166735414	CNH_I_UCI001-142_RNA	NA	SeqMatic-1	NA
CNH_I_UCI001-143_RNA	NA	rRNA depletion|globin depletion	NA	paired-end|untargeted	Watchmaker ribosomal and globin depletion	NA	NA	NA	paired-end	NA	150	NA	NovaSeq	NA	8.6	UCI001-143_RNA	150525111	CNH_I_UCI001-143_RNA	NA	SeqMatic-1	NA
CNH_I_UCI001-144_RNA	NA	rRNA depletion|globin depletion	NA	paired-end|untargeted	Watchmaker ribosomal and globin depletion	NA	NA	NA	paired-end	NA	150	NA	NovaSeq	NA	8.4	UCI001-144_RNA	143611243	CNH_I_UCI001-144_RNA	NA	SeqMatic-1	NA
CNH_I_UCI001-145_RNA	NA	rRNA depletion|globin depletion	NA	paired-end|untargeted	Watchmaker ribosomal and globin depletion	NA	NA	NA	paired-end	NA	150	NA	NovaSeq	NA	9.1	UCI001-145_RNA	141918523	CNH_I_UCI001-145_RNA	NA	SeqMatic-1	NA
CNH_I_UCI001-146_RNA	NA	rRNA depletion|globin depletion	NA	paired-end|untargeted	Watchmaker ribosomal and globin depletion	NA	NA	NA	paired-end	NA	150	NA	NovaSeq	NA	8.8	UCI001-146_RNA	188758587	CNH_I_UCI001-146_RNA	NA	SeqMatic-1	NA
CNH_I_UCI001-147_RNA	NA	rRNA depletion|globin depletion	NA	paired-end|untargeted	Watchmaker ribosomal and globin depletion	NA	NA	NA	paired-end	NA	150	NA	NovaSeq	NA	9	UCI001-147_RNA	174344517	CNH_I_UCI001-147_RNA	NA	SeqMatic-1	NA
CNH_I_UCI001-148_RNA	NA	rRNA depletion|globin depletion	NA	paired-end|untargeted	Watchmaker ribosomal and globin depletion	NA	NA	NA	paired-end	NA	150	NA	NovaSeq	NA	8.9	UCI001-148_RNA	183245929	CNH_I_UCI001-148_RNA	NA	SeqMatic-1	NA
CNH_I_UCI001-149_RNA	NA	rRNA depletion|globin depletion	NA	paired-end|untargeted	Watchmaker ribosomal and globin depletion	NA	NA	NA	paired-end	NA	150	NA	NovaSeq	NA	9.2	UCI001-149_RNA	171703698	CNH_I_UCI001-149_RNA	NA	SeqMatic-1	NA
CNH_I_UCI001-150_RNA	NA	rRNA depletion|globin depletion	NA	paired-end|untargeted	Watchmaker ribosomal and globin depletion	NA	NA	NA	paired-end	NA	150	NA	NovaSeq	NA	8.9	UCI001-150_RNA	163323791	CNH_I_UCI001-150_RNA	NA	SeqMatic-1	NA
CNH_I_UCI001-151_RNA	NA	rRNA depletion|globin depletion	NA	paired-end|untargeted	Watchmaker ribosomal and globin depletion	NA	NA	NA	paired-end	NA	150	NA	NovaSeq	NA	8.6	UCI001-151_RNA	166571183	CNH_I_UCI001-151_RNA	NA	SeqMatic-1	NA
CNH_I_UCI001-152_RNA	NA	rRNA depletion|globin depletion	NA	paired-end|untargeted	Watchmaker ribosomal and globin depletion	NA	NA	NA	paired-end	NA	150	NA	NovaSeq	NA	9	UCI001-152_RNA	177718589	CNH_I_UCI001-152_RNA	NA	SeqMatic-1	NA
CNH_I_UCI001-153_RNA	NA	rRNA depletion|globin depletion	NA	paired-end|untargeted	Watchmaker ribosomal and globin depletion	NA	NA	NA	paired-end	NA	150	NA	NovaSeq	NA	6.5	UCI001-153_RNA	170492818	CNH_I_UCI001-153_RNA	NA	SeqMatic-1	NA
CNH_I_UCI001-154_RNA	NA	rRNA depletion|globin depletion	NA	paired-end|untargeted	Watchmaker ribosomal and globin depletion	NA	NA	NA	paired-end	NA	150	NA	NovaSeq	NA	9	UCI001-154_RNA	169301879	CNH_I_UCI001-154_RNA	NA	SeqMatic-1	NA
CNH_I_UCI001-155_RNA	NA	rRNA depletion|globin depletion	NA	paired-end|untargeted	Watchmaker ribosomal and globin depletion	NA	NA	NA	paired-end	NA	150	NA	NovaSeq	NA	9.3	UCI001-155_RNA	153942990	CNH_I_UCI001-155_RNA	NA	SeqMatic-1	NA
CNH_I_UCI001-156_RNA	NA	rRNA depletion|globin depletion	NA	paired-end|untargeted	Watchmaker ribosomal and globin depletion	NA	NA	NA	paired-end	NA	150	NA	NovaSeq	NA	7.9	UCI001-156_RNA	136579365	CNH_I_UCI001-156_RNA	NA	SeqMatic-1	NA
CNH_I_UCI001-157_RNA	NA	rRNA depletion|globin depletion	NA	paired-end|untargeted	Watchmaker ribosomal and globin depletion	NA	NA	NA	paired-end	NA	150	NA	NovaSeq	NA	8.9	UCI001-157_RNA	117096515	CNH_I_UCI001-157_RNA	NA	SeqMatic-1	NA
CNH_I_UCI001-158_RNA	NA	rRNA depletion|globin depletion	NA	paired-end|untargeted	Watchmaker ribosomal and globin depletion	NA	NA	NA	paired-end	NA	150	NA	NovaSeq	NA	9.3	UCI001-158_RNA	163381867	CNH_I_UCI001-158_RNA	NA	SeqMatic-1	NA
CNH_I_UCI001-159_RNA	NA	rRNA depletion|globin depletion	NA	paired-end|untargeted	Watchmaker ribosomal and globin depletion	NA	NA	NA	paired-end	NA	150	NA	NovaSeq	NA	9.2	UCI001-159_RNA	143830413	CNH_I_UCI001-159_RNA	NA	SeqMatic-1	NA
CNH_I_UCI001-160_RNA	NA	rRNA depletion|globin depletion	NA	paired-end|untargeted	Watchmaker ribosomal and globin depletion	NA	NA	NA	paired-end	NA	150	NA	NovaSeq	NA	9.1	UCI001-160_RNA	150336419	CNH_I_UCI001-160_RNA	NA	SeqMatic-1	NA
CNH_I_UCI001-161_RNA	NA	rRNA depletion|globin depletion	NA	paired-end|untargeted	Watchmaker ribosomal and globin depletion	NA	NA	NA	paired-end	NA	150	NA	NovaSeq	NA	8.8	UCI001-161_RNA	182809667	CNH_I_UCI001-161_RNA	NA	SeqMatic-1	NA
CNH_I_UCI001-162_RNA	NA	rRNA depletion|globin depletion	NA	paired-end|untargeted	Watchmaker ribosomal and globin depletion	NA	NA	NA	paired-end	NA	150	NA	NovaSeq	NA	8.7	UCI001-162_RNA	164453153	CNH_I_UCI001-162_RNA	NA	SeqMatic-1	NA
CNH_I_UCI001-163_RNA	NA	rRNA depletion|globin depletion	NA	paired-end|untargeted	Watchmaker ribosomal and globin depletion	NA	NA	NA	paired-end	NA	150	NA	NovaSeq	NA	9	UCI001-163_RNA	187934699	CNH_I_UCI001-163_RNA	NA	SeqMatic-1	NA
CNH_I_UCI001-164_RNA	NA	rRNA depletion|globin depletion	NA	paired-end|untargeted	Watchmaker ribosomal and globin depletion	NA	NA	NA	paired-end	NA	150	NA	NovaSeq	NA	8	UCI001-164_RNA	116531834	CNH_I_UCI001-164_RNA	NA	SeqMatic-1	NA
CNH_I_UCI001-165_RNA	NA	rRNA depletion|globin depletion	NA	paired-end|untargeted	Watchmaker ribosomal and globin depletion	NA	NA	NA	paired-end	NA	150	NA	NovaSeq	NA	9	UCI001-165_RNA	125918893	CNH_I_UCI001-165_RNA	NA	SeqMatic-1	NA
CNH_I_UCI001-166_RNA	NA	rRNA depletion|globin depletion	NA	paired-end|untargeted	Watchmaker ribosomal and globin depletion	NA	NA	NA	paired-end	NA	150	NA	NovaSeq	NA	9.3	UCI001-166_RNA	171078394	CNH_I_UCI001-166_RNA	NA	SeqMatic-1	NA
CNH_I_UCI001-167_RNA	NA	rRNA depletion|globin depletion	NA	paired-end|untargeted	Watchmaker ribosomal and globin depletion	NA	NA	NA	paired-end	NA	150	NA	NovaSeq	NA	8.7	UCI001-167_RNA	158323596	CNH_I_UCI001-167_RNA	NA	SeqMatic-1	NA
CNH_I_UCI001-168_RNA	NA	rRNA depletion|globin depletion	NA	paired-end|untargeted	Watchmaker ribosomal and globin depletion	NA	NA	NA	paired-end	NA	150	NA	NovaSeq	NA	8.4	UCI001-168_RNA	132187450	CNH_I_UCI001-168_RNA	NA	SeqMatic-1	NA
CNH_I_UCI001-169_RNA	NA	rRNA depletion|globin depletion	NA	paired-end|untargeted	Watchmaker ribosomal and globin depletion	NA	NA	NA	paired-end	NA	150	NA	NovaSeq	NA	8.6	UCI001-169_RNA	180194064	CNH_I_UCI001-169_RNA	NA	SeqMatic-1	NA
CNH_I_UCI001-170_RNA	NA	rRNA depletion|globin depletion	NA	paired-end|untargeted	Watchmaker ribosomal and globin depletion	NA	NA	NA	paired-end	NA	150	NA	NovaSeq	NA	9.5	UCI001-170_RNA	164075172	CNH_I_UCI001-170_RNA	NA	SeqMatic-1	NA
CNH_I_UCI001-171_RNA	NA	rRNA depletion|globin depletion	NA	paired-end|untargeted	Watchmaker ribosomal and globin depletion	NA	NA	NA	paired-end	NA	150	NA	NovaSeq	NA	9.3	UCI001-171_RNA	160582997	CNH_I_UCI001-171_RNA	NA	SeqMatic-1	NA
CNH_I_UCI001-172_RNA	NA	rRNA depletion|globin depletion	NA	paired-end|untargeted	Watchmaker ribosomal and globin depletion	NA	NA	NA	paired-end	NA	150	NA	NovaSeq	NA	9.4	UCI001-172_RNA	113302361	CNH_I_UCI001-172_RNA	NA	SeqMatic-1	NA
CNH_I_UCI001-173_RNA	NA	rRNA depletion|globin depletion	NA	paired-end|untargeted	Watchmaker ribosomal and globin depletion	NA	NA	NA	paired-end	NA	150	NA	NovaSeq	NA	8.9	UCI001-173_RNA	175635854	CNH_I_UCI001-173_RNA	NA	SeqMatic-1	NA
CNH_I_UCI001-174_RNA	NA	rRNA depletion|globin depletion	NA	paired-end|untargeted	Watchmaker ribosomal and globin depletion	NA	NA	NA	paired-end	NA	150	NA	NovaSeq	NA	8.5	UCI001-174_RNA	173026722	CNH_I_UCI001-174_RNA	NA	SeqMatic-1	NA
CNH_I_UCI001-175_RNA	NA	rRNA depletion|globin depletion	NA	paired-end|untargeted	Watchmaker ribosomal and globin depletion	NA	NA	NA	paired-end	NA	150	NA	NovaSeq	NA	8.6	UCI001-175_RNA	197864387	CNH_I_UCI001-175_RNA	NA	SeqMatic-1	NA
CNH_I_UCI001-176_RNA	NA	rRNA depletion|globin depletion	NA	paired-end|untargeted	Watchmaker ribosomal and globin depletion	NA	NA	NA	paired-end	NA	150	NA	NovaSeq	NA	9.2	UCI001-176_RNA	150212714	CNH_I_UCI001-176_RNA	NA	SeqMatic-1	NA
CNH_I_UCI001-177_RNA	NA	rRNA depletion|globin depletion	NA	paired-end|untargeted	Watchmaker ribosomal and globin depletion	NA	NA	NA	paired-end	NA	150	NA	NovaSeq	NA	8.3	UCI001-177_RNA	152727512	CNH_I_UCI001-177_RNA	NA	SeqMatic-1	NA
CNH_I_UCI001-178_RNA	NA	rRNA depletion|globin depletion	NA	paired-end|untargeted	Watchmaker ribosomal and globin depletion	NA	NA	NA	paired-end	NA	150	NA	NovaSeq	NA	6.4	UCI001-178_RNA	142901376	CNH_I_UCI001-178_RNA	NA	SeqMatic-1	NA
CNH_I_UCI001-179_RNA	NA	rRNA depletion|globin depletion	NA	paired-end|untargeted	Watchmaker ribosomal and globin depletion	NA	NA	NA	paired-end	NA	150	NA	NovaSeq	NA	8.7	UCI001-179_RNA	202215579	CNH_I_UCI001-179_RNA	NA	SeqMatic-1	NA
CNH_I_UCI001-180_RNA	NA	rRNA depletion|globin depletion	NA	paired-end|untargeted	Watchmaker ribosomal and globin depletion	NA	NA	NA	paired-end	NA	150	NA	NovaSeq	NA	8.3	UCI001-180_RNA	160849371	CNH_I_UCI001-180_RNA	NA	SeqMatic-1	NA
CNH_I_UCI001-181_RNA	NA	rRNA depletion|globin depletion	NA	paired-end|untargeted	Watchmaker ribosomal and globin depletion	NA	NA	NA	paired-end	NA	150	NA	NovaSeq	NA	8.4	UCI001-181_RNA	149919797	CNH_I_UCI001-181_RNA	NA	SeqMatic-1	NA
CNH_I_UCI001-182_RNA	NA	rRNA depletion|globin depletion	NA	paired-end|untargeted	Watchmaker ribosomal and globin depletion	NA	NA	NA	paired-end	NA	150	NA	NovaSeq	NA	7.7	UCI001-182_RNA	147260862	CNH_I_UCI001-182_RNA	NA	SeqMatic-1	NA
CNH_I_UCI001-185_RNA	NA	rRNA depletion|globin depletion	NA	paired-end|untargeted	Watchmaker ribosomal and globin depletion	NA	NA	NA	paired-end	NA	150	NA	NovaSeq	NA	9	UCI001-185_RNA	156418788	CNH_I_UCI001-185_RNA	NA	SeqMatic-1	NA
CNH_I_UCI001-186_RNA	NA	rRNA depletion|globin depletion	NA	paired-end|untargeted	Watchmaker ribosomal and globin depletion	NA	NA	NA	paired-end	NA	150	NA	NovaSeq	NA	8.6	UCI001-186_RNA	129848129	CNH_I_UCI001-186_RNA	NA	SeqMatic-1	NA
CNH_I_UCI001-187_RNA	NA	rRNA depletion|globin depletion	NA	paired-end|untargeted	Watchmaker ribosomal and globin depletion	NA	NA	NA	paired-end	NA	150	NA	NovaSeq	NA	9.1	UCI001-187_RNA	123763353	CNH_I_UCI001-187_RNA	NA	SeqMatic-1	NA
CNH_I_UCI001-188_RNA	NA	rRNA depletion|globin depletion	NA	paired-end|untargeted	Watchmaker ribosomal and globin depletion	NA	NA	NA	paired-end	NA	150	NA	NovaSeq	NA	9	UCI001-188_RNA	167612473	CNH_I_UCI001-188_RNA	NA	SeqMatic-1	NA
CNH_I_UCI001-189_RNA	NA	rRNA depletion|globin depletion	NA	paired-end|untargeted	Watchmaker ribosomal and globin depletion	NA	NA	NA	paired-end	NA	150	NA	NovaSeq	NA	8.6	UCI001-189_RNA	114831093	CNH_I_UCI001-189_RNA	NA	SeqMatic-1	NA
CNH_I_UCI001-190_RNA	NA	rRNA depletion|globin depletion	NA	paired-end|untargeted	Watchmaker ribosomal and globin depletion	NA	NA	NA	paired-end	NA	150	NA	NovaSeq	NA	7.2	UCI001-190_RNA	135390514	CNH_I_UCI001-190_RNA	NA	SeqMatic-1	NA
CNH_I_UCI001-191_RNA	NA	rRNA depletion|globin depletion	NA	paired-end|untargeted	Watchmaker ribosomal and globin depletion	NA	NA	NA	paired-end	NA	150	NA	NovaSeq	NA	6.7	UCI001-191_RNA	165407343	CNH_I_UCI001-191_RNA	NA	SeqMatic-1	NA
CNH_I_UCI001-192_RNA	NA	rRNA depletion|globin depletion	NA	paired-end|untargeted	Watchmaker ribosomal and globin depletion	NA	NA	NA	paired-end	NA	150	NA	NovaSeq	NA	9.1	UCI001-192_RNA	158085457	CNH_I_UCI001-192_RNA	NA	SeqMatic-1	NA
CNH_I_UCI001-048_RNA	NA	rRNA depletion|globin depletion	NA	paired-end|untargeted	Watchmaker ribosomal and globin depletion	NA	NA	NA	paired-end	NA	150	NA	NovaSeq	NA	9.3	UCI001-048_RNA	156516230	CNH_I_UCI001-048_RNA	NA	SeqMatic-1	NA
CNH_I_UCI001-183_RNA	NA	rRNA depletion|globin depletion	NA	paired-end|untargeted	Watchmaker ribosomal and globin depletion	NA	NA	NA	paired-end	NA	150	NA	NovaSeq	NA	7.5	UCI001-183_RNA	170656744	CNH_I_UCI001-183_RNA	NA	SeqMatic-1	NA
CNH_I_UCI001-184_RNA	NA	rRNA depletion|globin depletion	NA	paired-end|untargeted	Watchmaker ribosomal and globin depletion	NA	NA	NA	paired-end	NA	150	NA	NovaSeq	NA	7.1	UCI001-184_RNA	154886965	CNH_I_UCI001-184_RNA	NA	SeqMatic-1	NA
